<TICKER>,<PER>,<DATE>,<TIME>,<CLOSE>
USDRUB,D,20130101,0,30.57
USDRUB,D,20130102,0,30.18
USDRUB,D,20130103,0,30.25
USDRUB,D,20130104,0,30.32
USDRUB,D,20130105,0,30.38
USDRUB,D,20130106,0,30.32
USDRUB,D,20130107,0,30.33
USDRUB,D,20130108,0,30.29
USDRUB,D,20130109,0,30.36
USDRUB,D,20130110,0,30.22
USDRUB,D,20130111,0,30.33
USDRUB,D,20130112,0,30.33
USDRUB,D,20130113,0,30.3
USDRUB,D,20130114,0,30.27
USDRUB,D,20130115,0,30.33
USDRUB,D,20130116,0,30.29
USDRUB,D,20130117,0,30.17
USDRUB,D,20130118,0,30.26
USDRUB,D,20130119,0,30.28
USDRUB,D,20130120,0,30.27
USDRUB,D,20130121,0,30.25
USDRUB,D,20130122,0,30.21
USDRUB,D,20130123,0,30.15
USDRUB,D,20130124,0,30.07
USDRUB,D,20130125,0,30.03
USDRUB,D,20130126,0,30.04
USDRUB,D,20130127,0,30.03
USDRUB,D,20130128,0,30.18
USDRUB,D,20130129,0,30.04
USDRUB,D,20130130,0,30.02
USDRUB,D,20130131,0,30
USDRUB,D,20130201,0,29.85
USDRUB,D,20130202,0,29.85
USDRUB,D,20130203,0,29.86
USDRUB,D,20130204,0,30.06
USDRUB,D,20130205,0,29.95
USDRUB,D,20130206,0,30.05
USDRUB,D,20130207,0,30.19
USDRUB,D,20130208,0,30.15
USDRUB,D,20130209,0,30.15
USDRUB,D,20130210,0,30.16
USDRUB,D,20130211,0,30.15
USDRUB,D,20130212,0,30.03
USDRUB,D,20130213,0,30.05
USDRUB,D,20130214,0,30.11
USDRUB,D,20130215,0,30.11
USDRUB,D,20130216,0,30.12
USDRUB,D,20130217,0,30.14
USDRUB,D,20130218,0,30.13
USDRUB,D,20130219,0,30.07
USDRUB,D,20130220,0,30.18
USDRUB,D,20130221,0,30.48
USDRUB,D,20130222,0,30.38
USDRUB,D,20130223,0,30.45
USDRUB,D,20130224,0,30.39
USDRUB,D,20130225,0,30.42
USDRUB,D,20130226,0,30.61
USDRUB,D,20130227,0,30.52
USDRUB,D,20130228,0,30.61
USDRUB,D,20130301,0,30.69
USDRUB,D,20130302,0,30.74
USDRUB,D,20130303,0,30.69
USDRUB,D,20130304,0,30.77
USDRUB,D,20130305,0,30.62
USDRUB,D,20130306,0,30.72
USDRUB,D,20130307,0,30.69
USDRUB,D,20130308,0,30.79
USDRUB,D,20130309,0,30.78
USDRUB,D,20130310,0,30.77
USDRUB,D,20130311,0,30.7
USDRUB,D,20130312,0,30.69
USDRUB,D,20130313,0,30.79
USDRUB,D,20130314,0,30.71
USDRUB,D,20130315,0,30.65
USDRUB,D,20130316,0,30.62
USDRUB,D,20130317,0,30.68
USDRUB,D,20130318,0,30.81
USDRUB,D,20130319,0,30.96
USDRUB,D,20130320,0,30.86
USDRUB,D,20130321,0,30.92
USDRUB,D,20130322,0,30.83
USDRUB,D,20130323,0,30.81
USDRUB,D,20130324,0,30.84
USDRUB,D,20130325,0,30.89
USDRUB,D,20130326,0,30.85
USDRUB,D,20130327,0,31.03
USDRUB,D,20130328,0,31.08
USDRUB,D,20130329,0,31.06
USDRUB,D,20130330,0,31.05
USDRUB,D,20130401,0,31.07
USDRUB,D,20130402,0,31.31
USDRUB,D,20130403,0,31.64
USDRUB,D,20130404,0,31.58
USDRUB,D,20130405,0,31.51
USDRUB,D,20130406,0,31.51
USDRUB,D,20130407,0,31.49
USDRUB,D,20130408,0,31.21
USDRUB,D,20130409,0,31.01
USDRUB,D,20130410,0,30.86
USDRUB,D,20130411,0,30.87
USDRUB,D,20130412,0,31.06
USDRUB,D,20130413,0,31.06
USDRUB,D,20130414,0,31.05
USDRUB,D,20130415,0,31.47
USDRUB,D,20130416,0,31.23
USDRUB,D,20130417,0,31.88
USDRUB,D,20130418,0,31.56
USDRUB,D,20130419,0,31.65
USDRUB,D,20130420,0,31.71
USDRUB,D,20130421,0,31.72
USDRUB,D,20130422,0,31.56
USDRUB,D,20130423,0,31.63
USDRUB,D,20130424,0,31.46
USDRUB,D,20130425,0,31.14
USDRUB,D,20130426,0,31.26
USDRUB,D,20130427,0,31.27
USDRUB,D,20130428,0,31.3
USDRUB,D,20130429,0,30.92
USDRUB,D,20130430,0,31.14
USDRUB,D,20130501,0,31.33
USDRUB,D,20130502,0,31.17
USDRUB,D,20130503,0,31.13
USDRUB,D,20130504,0,31.08
USDRUB,D,20130506,0,31.02
USDRUB,D,20130507,0,31.07
USDRUB,D,20130508,0,31.14
USDRUB,D,20130509,0,31.23
USDRUB,D,20130510,0,31.4
USDRUB,D,20130512,0,31.4
USDRUB,D,20130513,0,31.33
USDRUB,D,20130514,0,31.34
USDRUB,D,20130515,0,31.45
USDRUB,D,20130516,0,31.36
USDRUB,D,20130517,0,31.43
USDRUB,D,20130518,0,31.42
USDRUB,D,20130519,0,31.42
USDRUB,D,20130520,0,31.25
USDRUB,D,20130521,0,31.22
USDRUB,D,20130522,0,31.41
USDRUB,D,20130523,0,31.42
USDRUB,D,20130524,0,31.33
USDRUB,D,20130525,0,31.34
USDRUB,D,20130527,0,31.34
USDRUB,D,20130528,0,31.52
USDRUB,D,20130529,0,31.61
USDRUB,D,20130530,0,31.73
USDRUB,D,20130531,0,31.92
USDRUB,D,20130601,0,31.94
USDRUB,D,20130603,0,31.79
USDRUB,D,20130604,0,31.93
USDRUB,D,20130605,0,32.16
USDRUB,D,20130606,0,32.13
USDRUB,D,20130607,0,32.14
USDRUB,D,20130608,0,32.17
USDRUB,D,20130610,0,32.31
USDRUB,D,20130611,0,32.39
USDRUB,D,20130612,0,32.22
USDRUB,D,20130613,0,31.95
USDRUB,D,20130614,0,31.72
USDRUB,D,20130615,0,31.72
USDRUB,D,20130616,0,31.73
USDRUB,D,20130617,0,31.78
USDRUB,D,20130618,0,31.99
USDRUB,D,20130619,0,32.32
USDRUB,D,20130620,0,33
USDRUB,D,20130621,0,32.77
USDRUB,D,20130622,0,32.77
USDRUB,D,20130623,0,32.78
USDRUB,D,20130624,0,32.74
USDRUB,D,20130625,0,32.82
USDRUB,D,20130626,0,32.96
USDRUB,D,20130627,0,32.78
USDRUB,D,20130628,0,32.83
USDRUB,D,20130629,0,32.85
USDRUB,D,20130630,0,32.84
USDRUB,D,20130701,0,32.99
USDRUB,D,20130702,0,33.18
USDRUB,D,20130703,0,33.13
USDRUB,D,20130704,0,33.21
USDRUB,D,20130705,0,33.34
USDRUB,D,20130706,0,33.35
USDRUB,D,20130707,0,33.33
USDRUB,D,20130708,0,33.2
USDRUB,D,20130709,0,32.96
USDRUB,D,20130710,0,32.92
USDRUB,D,20130711,0,32.5
USDRUB,D,20130712,0,32.63
USDRUB,D,20130713,0,32.63
USDRUB,D,20130714,0,32.66
USDRUB,D,20130715,0,32.55
USDRUB,D,20130716,0,32.41
USDRUB,D,20130717,0,32.28
USDRUB,D,20130718,0,32.49
USDRUB,D,20130719,0,32.36
USDRUB,D,20130720,0,32.4
USDRUB,D,20130721,0,32.38
USDRUB,D,20130722,0,32.31
USDRUB,D,20130723,0,32.27
USDRUB,D,20130724,0,32.47
USDRUB,D,20130725,0,32.61
USDRUB,D,20130726,0,32.81
USDRUB,D,20130727,0,32.82
USDRUB,D,20130728,0,32.79
USDRUB,D,20130729,0,32.84
USDRUB,D,20130730,0,32.96
USDRUB,D,20130731,0,32.96
USDRUB,D,20130801,0,33.08
USDRUB,D,20130802,0,32.83
USDRUB,D,20130803,0,32.83
USDRUB,D,20130805,0,32.88
USDRUB,D,20130806,0,32.97
USDRUB,D,20130807,0,32.96
USDRUB,D,20130808,0,32.83
USDRUB,D,20130809,0,32.89
USDRUB,D,20130810,0,32.86
USDRUB,D,20130811,0,32.88
USDRUB,D,20130812,0,33
USDRUB,D,20130813,0,33.07
USDRUB,D,20130814,0,33.06
USDRUB,D,20130815,0,32.87
USDRUB,D,20130816,0,32.93
USDRUB,D,20130817,0,32.89
USDRUB,D,20130819,0,32.96
USDRUB,D,20130820,0,32.93
USDRUB,D,20130821,0,33.21
USDRUB,D,20130822,0,33.05
USDRUB,D,20130823,0,33.01
USDRUB,D,20130824,0,33.03
USDRUB,D,20130826,0,33.06
USDRUB,D,20130827,0,33.18
USDRUB,D,20130828,0,33.2
USDRUB,D,20130829,0,33.22
USDRUB,D,20130830,0,33.26
USDRUB,D,20130831,0,33.27
USDRUB,D,20130902,0,33.38
USDRUB,D,20130903,0,33.51
USDRUB,D,20130904,0,33.32
USDRUB,D,20130905,0,33.43
USDRUB,D,20130906,0,33.27
USDRUB,D,20130907,0,33.32
USDRUB,D,20130909,0,33.17
USDRUB,D,20130910,0,32.96
USDRUB,D,20130911,0,32.76
USDRUB,D,20130912,0,32.64
USDRUB,D,20130913,0,32.49
USDRUB,D,20130914,0,32.54
USDRUB,D,20130916,0,32.31
USDRUB,D,20130917,0,32.19
USDRUB,D,20130918,0,31.81
USDRUB,D,20130919,0,31.65
USDRUB,D,20130920,0,31.86
USDRUB,D,20130921,0,31.83
USDRUB,D,20130923,0,31.8
USDRUB,D,20130924,0,31.88
USDRUB,D,20130925,0,32.07
USDRUB,D,20130926,0,32.32
USDRUB,D,20130927,0,32.33
USDRUB,D,20130928,0,32.34
USDRUB,D,20130929,0,32.31
USDRUB,D,20130930,0,32.4
USDRUB,D,20131001,0,32.22
USDRUB,D,20131002,0,32.2
USDRUB,D,20131003,0,32.13
USDRUB,D,20131004,0,32.17
USDRUB,D,20131005,0,32.18
USDRUB,D,20131007,0,32.27
USDRUB,D,20131008,0,32.4
USDRUB,D,20131009,0,32.32
USDRUB,D,20131010,0,32.17
USDRUB,D,20131011,0,32.21
USDRUB,D,20131012,0,32.28
USDRUB,D,20131014,0,32.26
USDRUB,D,20131015,0,32.28
USDRUB,D,20131016,0,32.05
USDRUB,D,20131017,0,31.87
USDRUB,D,20131018,0,31.91
USDRUB,D,20131019,0,31.84
USDRUB,D,20131020,0,31.86
USDRUB,D,20131021,0,31.96
USDRUB,D,20131022,0,31.68
USDRUB,D,20131023,0,31.75
USDRUB,D,20131024,0,31.7
USDRUB,D,20131025,0,31.79
USDRUB,D,20131026,0,31.79
USDRUB,D,20131028,0,31.88
USDRUB,D,20131029,0,32.08
USDRUB,D,20131030,0,32.02
USDRUB,D,20131031,0,32.07
USDRUB,D,20131101,0,32.41
USDRUB,D,20131102,0,32.4
USDRUB,D,20131104,0,32.33
USDRUB,D,20131105,0,32.53
USDRUB,D,20131106,0,32.38
USDRUB,D,20131107,0,32.41
USDRUB,D,20131108,0,32.67
USDRUB,D,20131109,0,32.66
USDRUB,D,20131111,0,32.83
USDRUB,D,20131112,0,32.89
USDRUB,D,20131113,0,32.74
USDRUB,D,20131114,0,32.72
USDRUB,D,20131115,0,32.57
USDRUB,D,20131116,0,32.58
USDRUB,D,20131118,0,32.57
USDRUB,D,20131119,0,32.73
USDRUB,D,20131120,0,32.92
USDRUB,D,20131121,0,33
USDRUB,D,20131122,0,32.71
USDRUB,D,20131123,0,32.75
USDRUB,D,20131125,0,32.94
USDRUB,D,20131126,0,32.92
USDRUB,D,20131127,0,33.18
USDRUB,D,20131128,0,33.15
USDRUB,D,20131129,0,33.14
USDRUB,D,20131130,0,33.12
USDRUB,D,20131202,0,33.21
USDRUB,D,20131203,0,33.24
USDRUB,D,20131204,0,33.18
USDRUB,D,20131205,0,32.97
USDRUB,D,20131206,0,32.69
USDRUB,D,20131207,0,32.7
USDRUB,D,20131208,0,32.82
USDRUB,D,20131209,0,32.75
USDRUB,D,20131210,0,32.71
USDRUB,D,20131211,0,32.76
USDRUB,D,20131212,0,32.78
USDRUB,D,20131213,0,32.85
USDRUB,D,20131214,0,32.87
USDRUB,D,20131215,0,32.87
USDRUB,D,20131216,0,32.89
USDRUB,D,20131217,0,32.96
USDRUB,D,20131218,0,32.82
USDRUB,D,20131219,0,32.96
USDRUB,D,20131220,0,32.98
USDRUB,D,20131221,0,32.97
USDRUB,D,20131223,0,32.68
USDRUB,D,20131224,0,32.61
USDRUB,D,20131225,0,32.67
USDRUB,D,20131226,0,32.67
USDRUB,D,20131227,0,32.6
USDRUB,D,20131228,0,32.56
USDRUB,D,20131230,0,32.88
USDRUB,D,20131231,0,32.84
USDRUB,D,20140101,0,32.84
USDRUB,D,20140102,0,33.11
USDRUB,D,20140103,0,33.2
USDRUB,D,20140104,0,33.18
USDRUB,D,20140106,0,33.19
USDRUB,D,20140107,0,33.14
USDRUB,D,20140108,0,33.15
USDRUB,D,20140109,0,33.21
USDRUB,D,20140110,0,32.99
USDRUB,D,20140111,0,32.99
USDRUB,D,20140112,0,32.99
USDRUB,D,20140113,0,33.28
USDRUB,D,20140114,0,33.3
USDRUB,D,20140115,0,33.4
USDRUB,D,20140116,0,33.38
USDRUB,D,20140117,0,33.59
USDRUB,D,20140118,0,33.59
USDRUB,D,20140120,0,33.76
USDRUB,D,20140121,0,33.93
USDRUB,D,20140122,0,33.93
USDRUB,D,20140123,0,34.14
USDRUB,D,20140124,0,34.51
USDRUB,D,20140125,0,34.48
USDRUB,D,20140127,0,34.67
USDRUB,D,20140128,0,34.71
USDRUB,D,20140129,0,35.17
USDRUB,D,20140130,0,34.9
USDRUB,D,20140131,0,35.16
USDRUB,D,20140201,0,35.11
USDRUB,D,20140202,0,35.13
USDRUB,D,20140203,0,35.44
USDRUB,D,20140204,0,34.97
USDRUB,D,20140205,0,34.87
USDRUB,D,20140206,0,34.7102
USDRUB,D,20140207,0,34.75
USDRUB,D,20140208,0,34.8
USDRUB,D,20140209,0,34.78
USDRUB,D,20140210,0,34.74
USDRUB,D,20140211,0,34.74
USDRUB,D,20140212,0,34.83
USDRUB,D,20140213,0,35.12
USDRUB,D,20140214,0,35.11
USDRUB,D,20140215,0,35.09
USDRUB,D,20140216,0,35.1
USDRUB,D,20140217,0,35.21
USDRUB,D,20140218,0,35.47
USDRUB,D,20140219,0,35.78
USDRUB,D,20140220,0,35.77
USDRUB,D,20140221,0,35.49
USDRUB,D,20140222,0,35.57
USDRUB,D,20140223,0,35.57
USDRUB,D,20140224,0,35.47
USDRUB,D,20140225,0,35.72
USDRUB,D,20140226,0,36.02
USDRUB,D,20140227,0,36.04
USDRUB,D,20140228,0,35.97
USDRUB,D,20140301,0,35.95
USDRUB,D,20140302,0,35.88
USDRUB,D,20140303,0,36.51
USDRUB,D,20140304,0,36.08
USDRUB,D,20140305,0,36.04
USDRUB,D,20140306,0,36.13
USDRUB,D,20140307,0,36.44
USDRUB,D,20140308,0,36.45
USDRUB,D,20140309,0,36.38
USDRUB,D,20140310,0,36.36
USDRUB,D,20140311,0,36.44
USDRUB,D,20140312,0,36.49
USDRUB,D,20140313,0,36.61
USDRUB,D,20140314,0,36.56
USDRUB,D,20140315,0,36.61
USDRUB,D,20140317,0,36.28
USDRUB,D,20140318,0,36.24
USDRUB,D,20140319,0,36.14
USDRUB,D,20140320,0,36.41
USDRUB,D,20140321,0,36.23
USDRUB,D,20140322,0,36.23
USDRUB,D,20140324,0,36.08
USDRUB,D,20140325,0,35.48
USDRUB,D,20140326,0,35.53
USDRUB,D,20140327,0,35.63
USDRUB,D,20140328,0,35.81
USDRUB,D,20140329,0,35.76
USDRUB,D,20140330,0,35.63
USDRUB,D,20140331,0,35.04
USDRUB,D,20140401,0,35.07
USDRUB,D,20140402,0,35.46
USDRUB,D,20140403,0,35.62
USDRUB,D,20140404,0,35.31
USDRUB,D,20140405,0,35.31
USDRUB,D,20140407,0,35.57
USDRUB,D,20140408,0,35.72
USDRUB,D,20140409,0,35.52
USDRUB,D,20140410,0,35.54
USDRUB,D,20140411,0,35.63
USDRUB,D,20140412,0,35.74
USDRUB,D,20140413,0,35.75
USDRUB,D,20140414,0,35.94
USDRUB,D,20140415,0,36.28
USDRUB,D,20140416,0,36
USDRUB,D,20140417,0,35.47
USDRUB,D,20140418,0,35.56
USDRUB,D,20140419,0,35.58
USDRUB,D,20140421,0,35.69
USDRUB,D,20140422,0,35.71
USDRUB,D,20140423,0,35.7
USDRUB,D,20140424,0,35.74
USDRUB,D,20140425,0,36.03
USDRUB,D,20140426,0,36.03
USDRUB,D,20140427,0,36.02
USDRUB,D,20140428,0,35.81
USDRUB,D,20140429,0,35.63
USDRUB,D,20140430,0,35.61
USDRUB,D,20140501,0,35.62
USDRUB,D,20140502,0,35.85
USDRUB,D,20140503,0,35.84
USDRUB,D,20140505,0,35.71
USDRUB,D,20140506,0,35.446
USDRUB,D,20140507,0,34.92
USDRUB,D,20140508,0,35.07
USDRUB,D,20140509,0,35.22
USDRUB,D,20140510,0,35.21
USDRUB,D,20140511,0,35.23
USDRUB,D,20140512,0,35
USDRUB,D,20140513,0,34.83
USDRUB,D,20140514,0,34.72
USDRUB,D,20140515,0,34.75
USDRUB,D,20140516,0,34.77
USDRUB,D,20140517,0,34.75
USDRUB,D,20140518,0,34.72
USDRUB,D,20140519,0,34.55
USDRUB,D,20140520,0,34.53
USDRUB,D,20140521,0,34.3
USDRUB,D,20140522,0,34.3
USDRUB,D,20140523,0,34.1
USDRUB,D,20140524,0,34.12
USDRUB,D,20140525,0,34.11
USDRUB,D,20140526,0,34.17
USDRUB,D,20140527,0,34.42
USDRUB,D,20140528,0,34.56
USDRUB,D,20140529,0,34.67
USDRUB,D,20140530,0,34.89
USDRUB,D,20140531,0,34.88
USDRUB,D,20140601,0,34.9
USDRUB,D,20140602,0,34.95
USDRUB,D,20140603,0,35.08
USDRUB,D,20140604,0,34.97
USDRUB,D,20140605,0,34.68
USDRUB,D,20140606,0,34.39
USDRUB,D,20140607,0,34.41
USDRUB,D,20140608,0,34.44
USDRUB,D,20140609,0,34.34
USDRUB,D,20140610,0,34.34
USDRUB,D,20140611,0,34.37
USDRUB,D,20140612,0,34.35
USDRUB,D,20140613,0,34.38
USDRUB,D,20140614,0,34.39
USDRUB,D,20140615,0,34.29
USDRUB,D,20140616,0,34.62
USDRUB,D,20140617,0,34.83
USDRUB,D,20140618,0,34.4
USDRUB,D,20140619,0,34.36
USDRUB,D,20140620,0,34.46
USDRUB,D,20140621,0,34.46
USDRUB,D,20140622,0,34.46
USDRUB,D,20140623,0,34.19
USDRUB,D,20140624,0,33.82
USDRUB,D,20140625,0,33.76
USDRUB,D,20140626,0,33.68
USDRUB,D,20140627,0,33.74
USDRUB,D,20140628,0,33.74
USDRUB,D,20140629,0,33.743
USDRUB,D,20140630,0,33.9612
USDRUB,D,20140701,0,34.3243
USDRUB,D,20140702,0,34.2711
USDRUB,D,20140703,0,34.2815
USDRUB,D,20140704,0,34.4088
USDRUB,D,20140705,0,34.4016
USDRUB,D,20140706,0,34.3913
USDRUB,D,20140707,0,34.4483
USDRUB,D,20140708,0,34.2253
USDRUB,D,20140709,0,33.9183
USDRUB,D,20140710,0,33.925
USDRUB,D,20140711,0,34.1643
USDRUB,D,20140712,0,34.2
USDRUB,D,20140713,0,34.2002
USDRUB,D,20140714,0,34.3303
USDRUB,D,20140715,0,34.3953
USDRUB,D,20140716,0,34.3873
USDRUB,D,20140717,0,35.1925
USDRUB,D,20140718,0,35.1605
USDRUB,D,20140719,0,35.02
USDRUB,D,20140720,0,35.02
USDRUB,D,20140721,0,35.1759
USDRUB,D,20140722,0,34.9595
USDRUB,D,20140723,0,34.8703
USDRUB,D,20140724,0,35.0395
USDRUB,D,20140725,0,35.1235
USDRUB,D,20140726,0,35.1194
USDRUB,D,20140727,0,35.1273
USDRUB,D,20140728,0,35.5195
USDRUB,D,20140729,0,35.7995
USDRUB,D,20140730,0,35.5805
USDRUB,D,20140731,0,35.7171
USDRUB,D,20140801,0,35.7465
USDRUB,D,20140802,0,35.7465
USDRUB,D,20140803,0,35.7654
USDRUB,D,20140804,0,35.8188
USDRUB,D,20140805,0,36.0885
USDRUB,D,20140806,0,36.1917
USDRUB,D,20140807,0,36.2855
USDRUB,D,20140808,0,36.1385
USDRUB,D,20140809,0,36.1627
USDRUB,D,20140810,0,36.1699
USDRUB,D,20140811,0,35.9075
USDRUB,D,20140812,0,36.1662
USDRUB,D,20140813,0,36.0325
USDRUB,D,20140814,0,36.0055
USDRUB,D,20140815,0,36.1225
USDRUB,D,20140816,0,36.1284
USDRUB,D,20140818,0,36.0509
USDRUB,D,20140819,0,36.1535
USDRUB,D,20140820,0,36.3045
USDRUB,D,20140821,0,36.0035
USDRUB,D,20140822,0,36.1025
USDRUB,D,20140823,0,36.1116
USDRUB,D,20140824,0,36.105
USDRUB,D,20140825,0,36.127
USDRUB,D,20140826,0,36.1195
USDRUB,D,20140827,0,36.1475
USDRUB,D,20140828,0,36.7626
USDRUB,D,20140829,0,36.9947
USDRUB,D,20140830,0,37.0662
USDRUB,D,20140901,0,37.3183
USDRUB,D,20140902,0,37.4323
USDRUB,D,20140903,0,36.8247
USDRUB,D,20140904,0,36.9752
USDRUB,D,20140905,0,36.874
USDRUB,D,20140906,0,36.9459
USDRUB,D,20140907,0,36.9394
USDRUB,D,20140908,0,37.0594
USDRUB,D,20140909,0,37.0713
USDRUB,D,20140910,0,37.2838
USDRUB,D,20140911,0,37.594
USDRUB,D,20140912,0,37.8119
USDRUB,D,20140913,0,37.773
USDRUB,D,20140914,0,37.7612
USDRUB,D,20140915,0,38.392
USDRUB,D,20140916,0,38.3495
USDRUB,D,20140917,0,38.4229
USDRUB,D,20140918,0,38.4541
USDRUB,D,20140919,0,38.4295
USDRUB,D,20140920,0,38.43
USDRUB,D,20140921,0,38.4282
USDRUB,D,20140922,0,38.6927
USDRUB,D,20140923,0,38.5941
USDRUB,D,20140924,0,38.1611
USDRUB,D,20140925,0,38.4921
USDRUB,D,20140926,0,39.1671
USDRUB,D,20140927,0,39.1474
USDRUB,D,20140929,0,39.4452
USDRUB,D,20140930,0,39.5944
USDRUB,D,20141001,0,39.6621
USDRUB,D,20141002,0,39.542
USDRUB,D,20141003,0,39.9861
USDRUB,D,20141004,0,39.9971
USDRUB,D,20141005,0,40.1758
USDRUB,D,20141006,0,39.7201
USDRUB,D,20141007,0,39.8873
USDRUB,D,20141008,0,39.9721
USDRUB,D,20141009,0,40.065
USDRUB,D,20141010,0,40.3461
USDRUB,D,20141011,0,40.3614
USDRUB,D,20141012,0,40.3301
USDRUB,D,20141013,0,40.5041
USDRUB,D,20141014,0,40.9465
USDRUB,D,20141015,0,40.3997
USDRUB,D,20141016,0,40.831
USDRUB,D,20141017,0,40.7201
USDRUB,D,20141018,0,40.7036
USDRUB,D,20141020,0,41.0331
USDRUB,D,20141021,0,40.9362
USDRUB,D,20141022,0,41.387
USDRUB,D,20141023,0,41.7007
USDRUB,D,20141024,0,41.882
USDRUB,D,20141025,0,41.8974
USDRUB,D,20141026,0,41.8589
USDRUB,D,20141027,0,42.2587
USDRUB,D,20141028,0,42.4345
USDRUB,D,20141029,0,43.1886
USDRUB,D,20141030,0,41.59
USDRUB,D,20141031,0,43.0322
USDRUB,D,20141101,0,43.0233
USDRUB,D,20141103,0,43.5873
USDRUB,D,20141104,0,43.5678
USDRUB,D,20141105,0,44.9
USDRUB,D,20141106,0,46.832
USDRUB,D,20141107,0,46.6655
USDRUB,D,20141108,0,46.7041
USDRUB,D,20141110,0,45.7775
USDRUB,D,20141111,0,46.43
USDRUB,D,20141112,0,45.8205
USDRUB,D,20141113,0,46.7193
USDRUB,D,20141114,0,47.2775
USDRUB,D,20141115,0,47.2227
USDRUB,D,20141116,0,47.265
USDRUB,D,20141117,0,47.1481
USDRUB,D,20141118,0,46.8899
USDRUB,D,20141119,0,46.8125
USDRUB,D,20141120,0,46.1357
USDRUB,D,20141121,0,45.6897
USDRUB,D,20141122,0,45.7616
USDRUB,D,20141124,0,45.0013
USDRUB,D,20141125,0,46.2355
USDRUB,D,20141126,0,47.42
USDRUB,D,20141127,0,49.1342
USDRUB,D,20141128,0,50.4397
USDRUB,D,20141129,0,50.0231
USDRUB,D,20141201,0,51.1845
USDRUB,D,20141202,0,54.1825
USDRUB,D,20141203,0,53.2877
USDRUB,D,20141204,0,54.3835
USDRUB,D,20141205,0,52.7985
USDRUB,D,20141206,0,52.972
USDRUB,D,20141207,0,52.972
USDRUB,D,20141208,0,53.717
USDRUB,D,20141209,0,54.1125
USDRUB,D,20141210,0,54.865
USDRUB,D,20141211,0,56.5245
USDRUB,D,20141212,0,58.16
USDRUB,D,20141213,0,58.0945
USDRUB,D,20141215,0,65.897
USDRUB,D,20141216,0,68.322
USDRUB,D,20141217,0,61.045
USDRUB,D,20141218,0,61.835
USDRUB,D,20141219,0,60.595
USDRUB,D,20141220,0,59.4202
USDRUB,D,20141221,0,57.8946
USDRUB,D,20141222,0,55.362
USDRUB,D,20141223,0,54.635
USDRUB,D,20141224,0,53.4665
USDRUB,D,20141225,0,51.6418
USDRUB,D,20141226,0,53.5897
USDRUB,D,20141227,0,53.8066
USDRUB,D,20141228,0,53.9457
USDRUB,D,20141229,0,57.4641
USDRUB,D,20141230,0,56.245
USDRUB,D,20141231,0,59.2332
USDRUB,D,20150101,0,56.993
USDRUB,D,20150102,0,58.53
USDRUB,D,20150103,0,58.8179
USDRUB,D,20150105,0,60.1817
USDRUB,D,20150106,0,62.3742
USDRUB,D,20150107,0,62.0547
USDRUB,D,20150108,0,59.1579
USDRUB,D,20150109,0,61.1993
USDRUB,D,20150110,0,61.67
USDRUB,D,20150111,0,61
USDRUB,D,20150112,0,62.875
USDRUB,D,20150113,0,65.235
USDRUB,D,20150114,0,64.23
USDRUB,D,20150115,0,64.956
USDRUB,D,20150116,0,65.141
USDRUB,D,20150117,0,65.1621
USDRUB,D,20150118,0,65.1207
USDRUB,D,20150119,0,64.9382
USDRUB,D,20150120,0,65.0071
USDRUB,D,20150121,0,65.1614
USDRUB,D,20150122,0,63.7105
USDRUB,D,20150123,0,63.845
USDRUB,D,20150124,0,63.9467
USDRUB,D,20150125,0,63.8608
USDRUB,D,20150126,0,68.0762
USDRUB,D,20150127,0,66.6364
USDRUB,D,20150128,0,67.4456
USDRUB,D,20150129,0,68.5961
USDRUB,D,20150130,0,68.7099
USDRUB,D,20150131,0,69.9877
USDRUB,D,20150202,0,68.1241
USDRUB,D,20150203,0,64.494
USDRUB,D,20150204,0,67.6082
USDRUB,D,20150205,0,66.1781
USDRUB,D,20150206,0,66.0246
USDRUB,D,20150207,0,66.9839
USDRUB,D,20150208,0,66.9778
USDRUB,D,20150209,0,65.75
USDRUB,D,20150210,0,64.963
USDRUB,D,20150211,0,65.0945
USDRUB,D,20150212,0,64.9622
USDRUB,D,20150213,0,63.1669
USDRUB,D,20150214,0,63.3344
USDRUB,D,20150215,0,63.67
USDRUB,D,20150216,0,61.8734
USDRUB,D,20150217,0,62.1241
USDRUB,D,20150218,0,61.2346
USDRUB,D,20150219,0,61.8488
USDRUB,D,20150220,0,61.6592
USDRUB,D,20150221,0,61.9703
USDRUB,D,20150222,0,61.9815
USDRUB,D,20150223,0,63.5841
USDRUB,D,20150224,0,62.7171
USDRUB,D,20150225,0,61.2391
USDRUB,D,20150226,0,60.9701
USDRUB,D,20150227,0,61.6407
USDRUB,D,20150228,0,61.5268
USDRUB,D,20150301,0,61.6494
USDRUB,D,20150302,0,62.5451
USDRUB,D,20150303,0,61.8446
USDRUB,D,20150304,0,61.833
USDRUB,D,20150305,0,60.8299
USDRUB,D,20150306,0,60.1589
USDRUB,D,20150307,0,60.3591
USDRUB,D,20150308,0,60.4079
USDRUB,D,20150309,0,60.1772
USDRUB,D,20150310,0,61.5977
USDRUB,D,20150311,0,61.5538
USDRUB,D,20150312,0,61.0174
USDRUB,D,20150313,0,61.9783
USDRUB,D,20150314,0,62.0933
USDRUB,D,20150315,0,62.2962
USDRUB,D,20150316,0,61.8797
USDRUB,D,20150317,0,61.4195
USDRUB,D,20150318,0,59.0532
USDRUB,D,20150319,0,59.7618
USDRUB,D,20150320,0,59.2713
USDRUB,D,20150321,0,59.254
USDRUB,D,20150322,0,59.3083
USDRUB,D,20150323,0,58.4008
USDRUB,D,20150324,0,57.5972
USDRUB,D,20150325,0,57.2941
USDRUB,D,20150326,0,57.2348
USDRUB,D,20150327,0,57.2429
USDRUB,D,20150328,0,57.8036
USDRUB,D,20150329,0,57.9259
USDRUB,D,20150330,0,57.4945
USDRUB,D,20150331,0,58.0886
USDRUB,D,20150401,0,57.5071
USDRUB,D,20150402,0,56.4701
USDRUB,D,20150403,0,56.2703
USDRUB,D,20150404,0,56.7756
USDRUB,D,20150405,0,57.0332
USDRUB,D,20150406,0,55.3166
USDRUB,D,20150407,0,54.8641
USDRUB,D,20150408,0,53.6066
USDRUB,D,20150409,0,51.9002
USDRUB,D,20150410,0,52.8387
USDRUB,D,20150411,0,53.2353
USDRUB,D,20150412,0,53.51
USDRUB,D,20150413,0,51.9392
USDRUB,D,20150414,0,50.6562
USDRUB,D,20150415,0,48.5835
USDRUB,D,20150416,0,49.6987
USDRUB,D,20150417,0,51.436
USDRUB,D,20150418,0,52.657
USDRUB,D,20150419,0,52.0867
USDRUB,D,20150420,0,53.036
USDRUB,D,20150421,0,53.1543
USDRUB,D,20150422,0,52.0902
USDRUB,D,20150423,0,50.4978
USDRUB,D,20150424,0,50.1832
USDRUB,D,20150425,0,50.942
USDRUB,D,20150426,0,50.5557
USDRUB,D,20150427,0,51.8801
USDRUB,D,20150428,0,51.1732
USDRUB,D,20150429,0,50.6775
USDRUB,D,20150430,0,51.4814
USDRUB,D,20150501,0,51.0801
USDRUB,D,20150502,0,51.798
USDRUB,D,20150503,0,51.7264
USDRUB,D,20150504,0,52.0432
USDRUB,D,20150505,0,50.5526
USDRUB,D,20150506,0,50.9843
USDRUB,D,20150507,0,49.947
USDRUB,D,20150508,0,50.9739
USDRUB,D,20150509,0,50.9339
USDRUB,D,20150510,0,51.0526
USDRUB,D,20150511,0,51.4511
USDRUB,D,20150512,0,50.7557
USDRUB,D,20150513,0,48.9644
USDRUB,D,20150514,0,49.95
USDRUB,D,20150515,0,49.4851
USDRUB,D,20150516,0,49.39
USDRUB,D,20150517,0,49.4982
USDRUB,D,20150518,0,49.1285
USDRUB,D,20150519,0,49.645
USDRUB,D,20150520,0,49.8295
USDRUB,D,20150521,0,49.9775
USDRUB,D,20150522,0,49.88
USDRUB,D,20150523,0,49.9551
USDRUB,D,20150524,0,49.9857
USDRUB,D,20150525,0,49.8495
USDRUB,D,20150526,0,50.7208
USDRUB,D,20150527,0,51.5495
USDRUB,D,20150528,0,52.6595
USDRUB,D,20150529,0,52.285
USDRUB,D,20150530,0,52.4099
USDRUB,D,20150531,0,51.9659
USDRUB,D,20150601,0,53.41
USDRUB,D,20150602,0,52.7773
USDRUB,D,20150603,0,54.338
USDRUB,D,20150604,0,55.96
USDRUB,D,20150605,0,56.115
USDRUB,D,20150606,0,56.372
USDRUB,D,20150607,0,56.4065
USDRUB,D,20150608,0,55.632
USDRUB,D,20150609,0,55.2835
USDRUB,D,20150610,0,54.3105
USDRUB,D,20150611,0,54.7603
USDRUB,D,20150612,0,54.7963
USDRUB,D,20150613,0,55.1238
USDRUB,D,20150614,0,55.1679
USDRUB,D,20150615,0,54.4795
USDRUB,D,20150616,0,53.7845
USDRUB,D,20150617,0,53.56
USDRUB,D,20150618,0,53.372
USDRUB,D,20150619,0,54.12
USDRUB,D,20150620,0,54.1242
USDRUB,D,20150621,0,54.2124
USDRUB,D,20150622,0,53.9344
USDRUB,D,20150623,0,53.7094
USDRUB,D,20150624,0,54.365
USDRUB,D,20150625,0,54.5964
USDRUB,D,20150626,0,54.216
USDRUB,D,20150627,0,54.934
USDRUB,D,20150628,0,55.4364
USDRUB,D,20150629,0,55.6259
USDRUB,D,20150630,0,55.2282
USDRUB,D,20150701,0,55.7225
USDRUB,D,20150702,0,55.2716
USDRUB,D,20150703,0,55.9064
USDRUB,D,20150704,0,55.9369
USDRUB,D,20150705,0,56.004
USDRUB,D,20150706,0,56.5472
USDRUB,D,20150707,0,56.5131
USDRUB,D,20150708,0,57.3735
USDRUB,D,20150709,0,57.0967
USDRUB,D,20150710,0,55.6597
USDRUB,D,20150711,0,56.3646
USDRUB,D,20150712,0,56.4485
USDRUB,D,20150713,0,56.1933
USDRUB,D,20150714,0,56.2788
USDRUB,D,20150715,0,56.7584
USDRUB,D,20150716,0,56.8443
USDRUB,D,20150717,0,56.4233
USDRUB,D,20150718,0,56.9566
USDRUB,D,20150719,0,57.0191
USDRUB,D,20150720,0,56.7774
USDRUB,D,20150721,0,56.9401
USDRUB,D,20150722,0,57.1107
USDRUB,D,20150723,0,57.694
USDRUB,D,20150724,0,57.583
USDRUB,D,20150725,0,58.4437
USDRUB,D,20150726,0,58.4195
USDRUB,D,20150727,0,59.0954
USDRUB,D,20150728,0,59.8098
USDRUB,D,20150729,0,57.8594
USDRUB,D,20150730,0,59.5371
USDRUB,D,20150731,0,61.2897
USDRUB,D,20150801,0,61.4746
USDRUB,D,20150802,0,61.723
USDRUB,D,20150803,0,63.1682
USDRUB,D,20150804,0,62.4044
USDRUB,D,20150805,0,63.2031
USDRUB,D,20150806,0,63.7899
USDRUB,D,20150807,0,63.6169
USDRUB,D,20150808,0,63.9906
USDRUB,D,20150809,0,64.0285
USDRUB,D,20150810,0,62.8782
USDRUB,D,20150811,0,64.0268
USDRUB,D,20150812,0,63.8469
USDRUB,D,20150813,0,64.4923
USDRUB,D,20150814,0,63.9434
USDRUB,D,20150815,0,64.7814
USDRUB,D,20150816,0,65.3193
USDRUB,D,20150817,0,65.1406
USDRUB,D,20150818,0,65.6348
USDRUB,D,20150819,0,66.4809
USDRUB,D,20150820,0,67.1164
USDRUB,D,20150821,0,68.0658
USDRUB,D,20150822,0,68.9287
USDRUB,D,20150823,0,68.8191
USDRUB,D,20150824,0,70.5079
USDRUB,D,20150825,0,68.7685
USDRUB,D,20150826,0,68.568
USDRUB,D,20150827,0,65.0459
USDRUB,D,20150828,0,64.5774
USDRUB,D,20150829,0,65.3138
USDRUB,D,20150830,0,65.5712
USDRUB,D,20150831,0,64.1353
USDRUB,D,20150901,0,66.0548
USDRUB,D,20150902,0,66.4717
USDRUB,D,20150903,0,66.4345
USDRUB,D,20150904,0,68.0159
USDRUB,D,20150905,0,68.2268
USDRUB,D,20150906,0,68.481
USDRUB,D,20150907,0,67.977
USDRUB,D,20150908,0,67.636
USDRUB,D,20150909,0,68.1701
USDRUB,D,20150910,0,67.5457
USDRUB,D,20150911,0,66.9887
USDRUB,D,20150912,0,67.8055
USDRUB,D,20150913,0,67.7834
USDRUB,D,20150914,0,67.3716
USDRUB,D,20150915,0,66.4661
USDRUB,D,20150916,0,65.2304
USDRUB,D,20150917,0,64.7601
USDRUB,D,20150918,0,67.3945
USDRUB,D,20150919,0,66.3195
USDRUB,D,20150920,0,66.37
USDRUB,D,20150921,0,65.8742
USDRUB,D,20150922,0,65.7529
USDRUB,D,20150923,0,66.4526
USDRUB,D,20150924,0,65.8051
USDRUB,D,20150925,0,64.5373
USDRUB,D,20150926,0,65.5077
USDRUB,D,20150927,0,65.2908
USDRUB,D,20150928,0,65.7036
USDRUB,D,20150929,0,65.8031
USDRUB,D,20150930,0,65.1214
USDRUB,D,20151001,0,64.4306
USDRUB,D,20151002,0,65.2185
USDRUB,D,20151003,0,66.1216
USDRUB,D,20151004,0,65.9899
USDRUB,D,20151005,0,64.024
USDRUB,D,20151006,0,62.7585
USDRUB,D,20151007,0,62.258
USDRUB,D,20151008,0,61.3222
USDRUB,D,20151009,0,61.0658
USDRUB,D,20151010,0,61.655
USDRUB,D,20151011,0,61.8383
USDRUB,D,20151012,0,61.0899
USDRUB,D,20151013,0,62.7569
USDRUB,D,20151014,0,62.5304
USDRUB,D,20151015,0,60.9981
USDRUB,D,20151016,0,60.9906
USDRUB,D,20151017,0,61.4006
USDRUB,D,20151018,0,61.5709
USDRUB,D,20151019,0,62.2773
USDRUB,D,20151020,0,62.0168
USDRUB,D,20151021,0,63.494
USDRUB,D,20151022,0,63.0253
USDRUB,D,20151023,0,62.2668
USDRUB,D,20151024,0,62.39
USDRUB,D,20151025,0,62.3204
USDRUB,D,20151026,0,62.7198
USDRUB,D,20151027,0,64.9696
USDRUB,D,20151028,0,63.5556
USDRUB,D,20151029,0,63.8906
USDRUB,D,20151030,0,63.7587
USDRUB,D,20151031,0,63.8312
USDRUB,D,20151101,0,64.2648
USDRUB,D,20151102,0,63.0559
USDRUB,D,20151103,0,62.5426
USDRUB,D,20151104,0,63.1101
USDRUB,D,20151105,0,63.3656
USDRUB,D,20151106,0,64.4368
USDRUB,D,20151107,0,64.5243
USDRUB,D,20151108,0,63.4433
USDRUB,D,20151109,0,64.5885
USDRUB,D,20151110,0,64.4956
USDRUB,D,20151111,0,65.5108
USDRUB,D,20151112,0,66.4715
USDRUB,D,20151113,0,66.7681
USDRUB,D,20151114,0,66.8118
USDRUB,D,20151115,0,65.843
USDRUB,D,20151116,0,65.2974
USDRUB,D,20151117,0,65.1664
USDRUB,D,20151118,0,64.7128
USDRUB,D,20151119,0,64.5056
USDRUB,D,20151120,0,64.7068
USDRUB,D,20151121,0,64.6707
USDRUB,D,20151122,0,65.8408
USDRUB,D,20151123,0,65.8046
USDRUB,D,20151124,0,65.4203
USDRUB,D,20151125,0,65.5031
USDRUB,D,20151126,0,65.8465
USDRUB,D,20151127,0,66.3768
USDRUB,D,20151128,0,66.3405
USDRUB,D,20151129,0,66.6449
USDRUB,D,20151130,0,66.2676
