CustomerId,Exited
15800228,-2.1326808296923874
15720725,-2.5107243413562768
15669664,0.833152813075906
15750466,-0.013250218419810444
15634844,0.0011444575057275586
15807524,-1.1110015398089788
15738721,-1.5983244696110173
15740043,-1.9902918285885387
15586674,-0.1551442902149076
15634551,0.18665953262939206
15637690,-0.1144394185257076
15627517,-1.3816270943367914
15703707,-0.6278985522042647
15813095,-1.9207231195048846
15738497,-1.7968248832735954
15695585,-1.9032180048869072
15690526,-1.75269187500314
15757646,-2.17688957704162
15645839,-1.586419840684799
15673820,-2.2389409867114587
15787035,-2.552193587001927
15598157,-1.1839826489825793
15629985,-0.6050686018101692
15728564,-2.506944367174052
15699839,-1.7335121507316287
15807245,-0.8189303881527373
15700223,-1.2354548392306428
15719827,-0.8575544566314812
15688865,-1.8872127255408384
15605742,-0.622842075304734
15651585,-1.1061138651192572
15804072,-1.3343201612949473
15575486,-2.8053419808725804
15733247,-1.3284072419592063
15636860,-0.6396470841459322
15763907,-0.5350368550814135
15613880,-0.4751828818092847
15648075,0.5987427102183511
15746986,-0.9267094334174335
15722993,-1.1305569799527242
15602312,-1.0911396867900147
15785183,-3.1351499558933993
15601116,-3.0877863201285054
15771000,-0.8196621705274882
15705657,-0.8605736684968049
15660385,-1.937563759150616
15715941,-1.8939112203704218
15763806,-2.6312520076443526
15692291,-1.4791606892928884
15657449,-0.7759308622571036
15759480,-1.3318900419149073
15793803,-0.9182354514721661
15579808,-0.703419779347769
15574868,-1.5169542426243119
15567832,-0.454004863446155
15786200,-2.292131586726972
15788025,-2.304079064484006
15636935,-2.8413464967914
15668669,-0.542551684267752
15671930,-2.501486690529518
15617197,-1.9975092295447283
15694237,-0.9331997800358784
15762927,-0.00898869310420869
15663808,-0.7183732408729852
15781975,-1.6751075778135642
15614365,-0.524725521524274
15746065,-2.402931145979747
15733234,-0.17660786228325653
15777599,-2.444693509608208
15584532,-1.294770989710733
15801277,-2.824073033875175
15705899,-1.7084090448581657
15576723,-2.497610148281803
15636767,-1.6518881827013618
15599860,-2.0296953852544304
15800961,-1.1954111905986402
15642391,0.6027980842600085
15622370,-1.3447903020902472
15798964,-0.5190716008934392
15644572,-1.4768605918809716
15603035,-2.904277149918375
15761043,-1.050011064078914
15705885,-2.8424643679299386
15736287,-1.1509564168531619
15759034,-0.9996550480893337
15617877,-2.276239437961733
15793425,-1.3925174833617118
15698716,0.048065053564712246
15761149,-0.9925974836082109
15677062,-1.3673689936467837
15652084,-1.3884505155252653
15674922,-0.877541328921056
15575955,-2.3243072533354585
15619857,0.16115284289722975
15590177,-0.8473697192381877
15710450,-2.7067111568124416
15812210,-0.9415760786428694
15609475,-1.2923406294315545
15699225,-1.5104240517964087
15582149,-2.0826276647740043
15758306,-3.074861134149569
15638149,-0.9322732432999595
15631639,-1.1583643967563222
15768530,-2.8715013125838778
15746461,-2.1103786615357913
15676869,-2.807434312627277
15576644,-0.3598222679855039
15651264,0.4595596382952192
15700549,-1.9230496254935012
15649536,-0.2859470552147132
15764293,-2.8235209902513256
15740428,-1.5014081212416865
15596649,-0.4531018733651584
15803908,-2.4285100506652277
15683118,-2.3501643890643025
15617476,-2.6187200939085677
15693771,-0.2606995375876102
15711314,0.1571782257936496
15662152,-0.507581934861808
15606855,-3.4368680774260563
15707634,-2.808297048147562
15746662,-1.6909370937351262
15747821,-0.21926553385002423
15792004,-2.2695495794641634
15643056,-0.5178273101444392
15680706,0.3898362591493765
15615177,-2.2083550647467156
15684925,-1.3274911761566566
15570857,-1.6368687684319068
15604158,-2.3707174304752696
15724269,-3.4832754873953853
15636541,-1.0938209416033962
15593736,0.6532932562685965
15688973,-2.27833710994527
15695475,-3.1397500898135497
15642248,-0.22732846059785894
15652955,-1.1669436468619683
15649423,-2.460972326732093
15637324,-2.8634040336446134
15744717,-2.0262129517206504
15714062,-0.4619291902478253
15582762,0.5827779405179321
15810444,0.1942950099119407
15584749,-0.19182842740280814
15637979,-1.0925552224809605
15809838,-2.2678886662006548
15689294,0.0846325052671506
15699507,-2.946741359422309
15653937,1.0159011989792741
15697691,-0.9772468312394562
15685920,-0.9501008446924886
15586880,-1.9101503022534807
15617065,-0.6940738944657371
15669293,-1.5813300512264106
15577913,-1.7149175657345572
15778089,-1.8022223686789425
15652626,-0.09974044130546456
15655961,-0.8186593242341615
15700965,-2.7428654093088496
15569264,-1.995097257422678
15813503,-2.1989905916732995
15807340,-1.492491394628746
15687719,-2.2597939716136155
15569423,-1.854621845375897
15775949,-1.3308371775078895
15653857,-2.786292825709599
15651737,-1.1712613818623927
15715638,-0.029307665347436895
15666975,-0.6982031510446458
15702806,-1.6026542177551777
15785024,-0.5266225509139965
15613048,-0.5340952207614089
15658432,-1.5138292152935773
15697801,-0.7101052419312587
15711309,-0.4166984863088614
15685245,-1.2569529961578856
15721307,-1.4026505509281983
15773906,-1.8606298339032932
15623219,-1.1186698727237423
15633612,-2.2376137630086603
15783522,-1.4900802642153363
15648577,-1.4300207696827114
15746183,-2.8794613924059553
15588248,-2.7856251982769784
15722578,-1.580599945127025
15576219,-3.02718792391795
15731790,-0.6918157420047271
15724336,0.8018633762989997
15655648,-2.218243107969655
15574012,-1.8350666165767815
15687372,-0.8281517727149708
15771750,-0.10979971925292453
15576313,0.23715359722559914
15695339,0.7429033536741583
15684645,-1.3627102721154642
15600258,-2.41711256096427
15591607,-1.8466846532380636
15737025,-0.8821719306571906
15733705,-2.836896227885433
15706899,-2.8775124745844103
15745624,-2.117403702275535
15685564,-1.9070192469291394
15654457,-1.5758004711182978
15588419,-0.20729659817123203
15769522,-0.9519276786099482
15568834,-2.659891500102879
15590623,-3.008266064192089
15785654,-1.8505304900247033
15623791,-0.4024637934752331
15682356,-1.8458419392372645
15691446,-3.377943658913768
15772479,-1.9176450399756164
15725509,-2.5944274592226098
15574608,-1.8987693111978015
15591942,-2.6651157388583697
15770811,-2.7449185013866506
15726167,-2.7610762755804026
15665181,-3.483202873774413
15743871,-0.7633513569405542
15663252,-2.901199138918863
15718216,-0.5982702632637819
15671610,-1.78730460941371
15613141,-1.1562221610190733
15769051,-2.11767070076188
15724428,-1.8801745378598314
15622171,-2.586077168349426
15593943,-0.9946055092441826
15629338,-0.8876766050155896
15674551,-0.12928638461937325
15674932,-1.4231414885926603
15699523,-0.006107467899851393
15779522,-2.3048735326736063
15727490,-0.9907553796064554
15636061,0.02723832198629217
15791501,-2.4856975163196093
15598162,-0.6035303489944585
15782247,-2.3357691521474857
15804357,-1.3288555303048617
15620836,-1.2864990636471008
15592412,0.110938798173976
15711635,-0.9304858429657489
15798888,-0.8816030410065252
15808189,-1.777067277384363
15757661,-1.46380098986039
15765532,1.0660979659302698
15635502,-0.29811922784747713
15672144,-1.3585374945007767
15584518,-1.115947071008709
15751549,-1.641168557008446
15694125,-1.7228655014985677
15802617,-1.2162464769917969
15774630,-0.03290925962518121
15659486,-0.5260581710719578
15725882,-1.5832670637232897
15752915,-2.4042668046395193
15662203,-1.4914318042075525
15611157,-0.8586542190570609
15613319,-0.5822601391358059
15799785,-1.053522125262139
15706810,-1.9090552694910818
15708265,-2.1473918324704826
15764351,0.5864567376005703
15606944,-0.07508187833878655
15734008,0.8369464729978187
15707696,-2.806592868311016
15588080,0.011412073976767356
15715142,-0.6127718137838383
15639117,-0.6833623544191695
15671934,-0.7176635047691715
15570417,-2.0264911467369258
15624820,0.06564309765611531
15573452,-0.09487395970613055
15740630,-1.7948918727431444
15598510,-2.6816033879060694
15672704,-2.4229623178381483
15579548,-2.1370258408811638
15678034,-0.7042950409120734
15583392,-0.4486244764103119
15760090,-3.3054988811668684
15731781,-1.6836737777396815
15580043,-2.218078434011185
15680517,-0.9629118764475992
15786852,-1.6640191601748264
15609987,-0.7142941699314178
15721730,-1.2394018224362138
15739271,-1.1764129445252673
15573278,-2.010183789093979
15625522,-3.0780144560999734
15769596,-1.6781608872124003
15659937,-2.225346575298365
15777830,-1.2554719246991288
15688868,-1.1394497733022173
15771569,-0.5125243582564559
15637993,-1.9332071987533697
15575691,-1.211467982368714
15792922,-1.7777746905205039
15781589,-1.9903952731899526
15681026,-1.0687434649784968
15634245,0.45486035864141194
15799435,-0.9228995553889288
15623536,-0.0726138808285064
15587297,-2.9636575346610807
15810457,-1.4316092664316196
15804864,-1.9396347883247245
15581539,-1.793995802054035
15790489,-1.757176590452939
15684011,-1.3775614158704288
15586931,-1.4991448640851024
15782100,-2.3527064862112015
15604544,-2.0593776620154474
15713599,-2.1917846980444162
15788442,-0.1460807412992331
15590146,-0.8536962949716549
15614213,-0.8736669402781069
15611759,-1.6367122366549132
15598846,-0.2224977309203071
15777893,-1.7083152950996308
15804962,-1.676170554907657
15815615,-1.808538684383736
15649858,-1.726313715546326
15795224,-0.97937265266491
15610557,-2.7128845720747807
15628319,-1.1815850373315462
15572728,-1.1400246543228352
15789158,-0.8208179800720138
15623202,-1.114959871496965
15810723,-0.47148410630893445
15770101,-1.99127403494388
15684908,0.6540988341159781
15678058,-0.9795269867933001
15804131,-0.9728079192679515
15739054,-1.685151659273432
15785798,-2.727365141366188
15693264,-2.9147214303741418
15737977,-2.914056367259639
15579915,-2.471940105781665
15797010,-1.9325954645241363
15780989,-1.3030412002411051
15572291,-0.857730078102854
15686345,-3.1426301942734103
15648479,-1.1144358985148022
15688760,-0.5600186857739353
15712849,0.07785576546657236
15713463,0.35791482077779957
15755239,-2.525950423831847
15579559,-2.1324471566395626
15762045,-1.7397117437665748
15729668,-1.3011014156897651
15793883,-2.5774456082116286
15719624,-0.6646791745621593
15736778,-0.6192967424420218
15694129,-0.3393799869015355
15709199,-0.909703006988782
15622585,-2.318075010771692
15591724,-0.1937898475533153
15684469,-0.617456004044993
15610403,-1.7623466504253682
15573876,-1.4048211046155241
15811773,-2.749369034512859
15663942,-1.5039755285161434
15650237,-2.038698989494236
15617052,-1.187030658543034
15640917,-2.459274837266451
15700424,-1.256226624255116
15689344,-1.2101406928794989
15783030,-0.4065441749526728
15720924,-1.2929698385403716
15626322,-2.3254256031702956
15670943,-1.937682714632074
15815428,-1.229475897774798
15748660,0.861793542499935
15773709,-2.7830474591214083
15579714,-2.7142612618601456
15614635,-0.7424549585619913
15716518,-2.049670816715562
15751057,-0.5028029269948702
15707078,-0.9868015290128662
15675422,-1.684224599038412
15682890,-2.212410336122514
15583718,-1.062585077721165
15653347,-0.08873224253330059
15637954,-1.4297927558120913
15764409,-1.8118718045850208
15785920,-2.2519650442880703
15726487,-0.22699551680292807
15650889,-1.6070674915352756
15716328,-1.2424085325569605
15660301,-0.37347182741385376
15717770,0.4196231566510382
15770554,-3.295906272899667
15638487,-0.7859967832168099
15614302,-1.5417243097798978
15737194,-1.866258748672534
15583857,-1.3180630930816977
15772381,-0.27787126400182616
15808930,-0.35698806914494363
15584453,-3.000700400241053
15581280,-1.550582221002033
15790442,-2.917184873305892
15641715,-2.972841107884075
15743760,-3.362566580661613
15610140,-1.8059766968545914
15740442,-0.2784656210529972
15623828,-1.8919744137289705
15750772,-1.2618894648359622
15800515,-1.02143376771862
15712938,-2.303612788821737
15780846,-3.0264594270302627
15615020,-1.5875230160012814
15794137,-0.6322123793318485
15776454,0.12147027098188201
15740487,-1.039442995828461
15662500,-2.476826433240346
15692207,-1.5443588336811491
15776433,-1.404656277105512
15663888,-1.587079580770279
15692918,-1.1855120202823322
15725767,-2.785239868621645
15696859,-1.4979015902186292
15591995,-2.9350582645948053
15684419,-0.6047021211313804
15629475,-1.747299037859785
15742126,-2.2482125543009994
15640953,-3.0417175865132435
15663939,-1.140929957288685
15625092,1.2722903831272243
15768233,-0.9089343300603743
15631481,-2.2224393439312853
15720662,-1.4904527415095639
15632816,0.11836617425739959
15797389,-2.578253988873546
15593470,-0.769981810081729
15571144,-3.2816727976141498
15758639,-2.0755716344490054
15645772,-3.0980531646021783
15760121,-1.380575211182213
15737705,-1.216157672253247
15809100,-0.7568187874979595
15572050,-0.4969331899140085
15637753,0.4027626304279712
15736078,-0.24975744583562576
15715117,-0.3837031425802089
15800287,-1.260610071250798
15602124,-3.243329630952848
15607314,-0.01334140855268462
15735837,-2.764826118878394
15712930,-0.37558985442830206
15627232,-0.6984413931874194
15739223,-3.0953441902498104
15673837,-0.3977164393647039
15668894,-1.9050072870197874
15585388,-2.627814122344171
15652400,-0.57952354495011
15636658,-2.7554698700413045
15579583,-1.1947795133645531
15592877,-0.8172222419302013
15746203,0.4643822406350371
15679024,-1.168887764194942
15683625,-0.9515522917331299
15594815,-1.9195625628166229
15658360,-2.313233571876522
15764226,-1.234386009429835
15599126,-0.8757648785326786
15617301,-0.5089597570844328
15769389,0.05153993574941662
15624391,-1.7116096883267276
15618647,-2.1460265630059214
15641170,-0.789159196554764
15807305,-0.6814899003862367
15642991,-2.26676715704615
15594409,-2.3110710020186813
15613854,-2.0241537101430485
15617705,-1.2007026309607132
15573242,-1.1060168144489775
15734438,-2.034239717408909
15743153,-1.6802509609052267
15745232,-2.3866484181000196
15770225,-2.8397499531851316
15640078,0.18191045475510403
15567897,-1.7863785939321808
15788946,-0.9019094575609867
15710397,-2.5605420910440237
15642821,0.1653650107832929
15600734,-2.128183557932535
15643966,-1.626900055848212
15774166,-2.3538278487089963
15600992,-2.7466633199610917
15795186,-0.7639247300643549
15568328,-3.156236089434105
15719579,-2.047165113264662
15610156,-1.4156323247964868
15733447,-0.4866527517824576
15759381,-0.47578066305354527
15710671,-1.0839954014019866
15662698,-1.088913177788597
15764021,-2.212528102456142
15580487,-2.1176884980408976
15710161,-2.6186538231699217
15612465,-3.1665554450951046
15576990,-0.6674953607649039
15599722,-2.2103828061982127
15764927,1.3183125683170982
15730161,-1.632397761805077
15611189,-0.49500443490854684
15569178,-1.586386385496746
15719276,-1.0809407089167866
15719348,-0.9681639834823539
15639549,-0.06807005406680089
15744843,-0.6484074900856944
15764618,-1.2657946454218805
15572158,-0.4991550618920728
15672357,-2.000416136016871
15641359,-1.714471444604803
15575409,-0.6065926974423693
15628963,-1.81809836056333
15772777,-3.074196459530528
15692408,-2.3612344873091193
15613787,-1.085585465513673
15625944,-0.6277857663983529
15692599,-1.1669756679972674
15614923,-1.4732219132645377
15798532,-3.266013865582315
15630592,0.03164137040915205
15737571,-1.7243947773194572
15789014,-1.2138953030440889
15754849,-2.1635185283425287
15706815,-0.8970543314806315
15755209,-1.441419026793519
15668445,-2.6466601556935965
15646936,-2.0267877890264256
15654489,-1.514755059542343
15801701,-2.990773041468081
15679145,0.12021242777937347
15808849,-1.556832298252471
15593510,-0.8983738189095203
15785406,0.36794963111677736
15780411,-1.000886762807909
15683276,-2.619986152607088
15739692,-1.5988010197227167
15603319,-1.2756685999518262
15810942,0.8881828428680258
15807563,0.3080861394269805
15651460,-1.7089673350041363
15683977,-0.5307750476439974
15791550,-2.5909691899150475
15690007,0.07628046079943895
15724200,-1.4591622426056743
15751392,-0.5776599978010281
15644692,-0.7215872507753801
15581089,-3.0011414233635483
15604732,-1.9254668859323059
15801904,-1.8702045499666518
15625905,-1.6793809895511758
15813640,-1.5518861355281937
15712264,-2.4488170512320258
15760880,-3.1585733807842757
15704746,-2.9881049917405504
15591107,1.8493312117585516
15699963,-1.5529056696732038
15712536,-1.6664041362868467
15803790,-2.152825345609684
15808846,-2.6693518620535355
15785385,-1.2107916131607341
15675176,-0.9233913147397805
15593897,-3.6123826700021517
15796313,-1.8201895311412906
15790689,-2.0999367831094062
15669326,-1.3219097820657586
15776404,-2.5459537357987205
15609545,-2.01091922768508
15584114,-1.4583239989048558
15641298,-1.2120768145029739
15672447,-0.8387278090191137
15779581,-2.122487390355732
15581252,-1.1031596331605475
15771154,-0.6739039080860186
15754574,-2.892268693971765
15711521,-1.5671965314593868
15704771,-2.6382137229621803
15698117,-0.656811372156217
15782360,0.46831172802623366
15635078,-1.1337382522232267
15781710,-1.9663238129592133
15585427,-2.309684801970547
15664227,-1.4335607159800716
15588517,-2.8066147045815346
15571869,0.8903479919258481
15710105,-1.1810741413164452
15774744,-1.7257164809144463
15739931,-1.7773954682925792
15742229,-0.47003945450785545
15631603,-2.0378622220053537
15766649,-0.9578770159379892
15670822,-2.2605025328302837
15571529,0.6137854949006736
15729908,-0.421252768702702
15654506,-2.289811940499626
15569654,-0.23960172224633647
15755196,0.09292043446959908
15752139,-1.5459050097679774
15595221,-0.30631776958616896
15680855,-1.7915094839924
15667633,-2.2639963221982837
15702145,-2.045576149900008
15662151,-1.275350449223857
15580912,-3.227596550796924
15743976,-0.8712948529910337
15677020,-0.0355486842594237
15627305,-0.9967614456862137
15597983,-0.15754968429665106
15707114,-3.1204447935889013
15747288,-1.2414163363040207
15801817,-1.3806960322014588
15792668,-1.511919526907004
15769191,-1.9100967535512914
15596992,0.1812763293625428
15684103,-3.1264561931197097
15724076,0.5728289412358192
15806438,0.5451018145589039
15606273,-2.0313372176731583
15620735,-1.3013039315606094
15636872,-1.9748035344387551
15710853,-2.3464000617788603
15645248,-2.5969861078423935
15694098,-0.49529526663750034
15600575,-1.9364127397100765
15713379,-3.355685381870653
15588456,-1.2068145610307894
15702801,-0.9316901949840743
15598086,-0.12388678312105306
15797748,-2.3686372920089833
15618225,-1.6271107843965724
15620111,-0.15463871691706332
15705521,0.013890579209623333
15654964,-0.4170948179870604
15787322,-1.1503984682734472
15596379,-0.869521885014884
15630402,-1.5460387776182696
15695034,-0.28239866668998936
15680804,-3.370509191989805
15806318,0.701386008225837
15760861,-1.3169626941936354
15767488,-2.1604501568935466
15746802,-0.9094182837040117
15706199,-0.2593901113166499
15678427,-2.3602498950215214
15746726,-0.5749597705657997
15642530,0.4733565317993902
15774179,-2.708101007738115
15700476,-2.046196680683312
15752694,-1.5393271659705876
15626383,-0.4290016132657688
15663933,-1.1768018190084435
15722037,-1.0381749478481237
15654625,-2.095311713885714
15797692,-0.8844946406660538
15589449,-0.2806622953996889
15628292,-3.268823065796237
15577313,-0.5697726766231839
15605263,-1.8209797084560488
15631882,0.12336193419650177
15652320,-1.7363571707850913
15648951,-2.678742798389292
15649101,-0.8050708529522167
15568904,-1.1574040233639242
15642099,-1.9771103493643905
15728352,-1.3940072925986868
15707110,-1.899068596845422
15814116,-1.3900057191366577
15654156,-0.9989023184795671
15721917,-1.3367761968370837
15759499,-1.5850994649463925
15605965,-2.5467003469637373
15670345,-0.13627680713587176
15613786,-3.4477434477031252
15622033,0.20092196010566843
15643679,-2.704618630629385
15738181,-2.5300110752823413
15589881,-2.228161925887099
15686743,-3.368332412219547
15604044,-1.0511264255348414
15620398,-1.951802670520429
15714993,-0.43305548556296203
15743893,-0.5641503351779819
15664907,-0.18343306021611383
15771509,-1.3237712849731598
15782418,-1.700703483035609
15799925,-1.773146710213418
15782641,-1.0360308332856654
15604345,-2.315118473571354
15638983,-0.48809185876535854
15592578,-1.4886692375878299
15715715,-2.760102583408445
15751455,0.2089294160560773
15694296,-2.3528155943466187
15694890,-0.8219233962131097
15636624,-0.6202054429769437
15627195,-1.9340022947550624
15671769,0.4931642241805718
15678916,1.7023760647101918
15687688,-1.4332028523545512
15745623,-1.2285415882658097
15677955,-0.5023653739974416
15709252,-1.1696858068537874
15630466,-0.48937896523144164
15744607,-1.2839669861772463
15649060,-1.4241235585192806
15701972,-1.841928691702384
15792232,-1.206317747793144
15606552,-3.043862879891364
15711742,-1.4325569048279048
15717937,0.16632401057474566
15785358,-0.5990235998645167
15793331,-2.524898496200361
15661528,-0.41754908800170143
15727811,0.8233203715244242
15655389,-1.445616735148647
15735719,-2.426280456575868
15646615,-2.4789642271668457
15591489,-1.6010233520512105
15571476,-0.7172731313505942
15806210,-1.353603130913044
15594133,0.4115822960671769
15778481,-0.5680044356901652
15642570,-2.232049245904124
15584338,-1.434198898390917
15691287,-0.05767868707680712
15725665,-1.7306550873536646
15625716,-1.5789486502278933
15632665,-0.2666773661755817
15638751,-1.5594768744483258
15642004,-3.2815813267039897
15751167,-2.092177526677182
15607988,-0.0011823824701746588
15762762,0.594330161765072
15813659,0.5047267645025983
15805565,-0.7594647148359406
15704987,0.11250289861638563
15727489,-0.06191411640145428
15659736,1.3114448746599388
15727391,-1.9995362721519325
15754820,-2.3842790002645553
15709396,-2.6271411849116006
15588955,0.43981956368757436
15686060,-0.06577948330334271
15581370,-2.0677019139740844
15723263,-0.8388711681752936
15728005,-0.8205867881897648
15725036,-1.5048400775633244
15643819,-2.230248499397493
15716357,-2.4748701894509946
15587507,-0.458689507559771
15698528,-1.4990587591941793
15787258,-2.08210692852194
15667085,-2.9857562650291634
15803965,-0.7486343722839846
15756560,-1.316228597684683
15719950,-0.5693496847330611
15641822,-3.21111644378991
15724150,-1.325599480345163
15622729,-1.8671370225331685
15659495,-2.4074388451704576
15792607,-1.5176754145618
15566633,-1.331088981855461
15704160,-0.21534146520391206
15709621,-2.9852884249373632
15798200,-1.7013090639572586
15655082,0.02719186606681423
15636395,-1.9257147515277329
15699598,-3.348366489112029
15654975,-1.4527497958669011
15587978,-0.49799961975315477
15798084,-2.5405373809747185
15713596,0.28417414148198183
15713532,-0.35098560809221646
15611579,-1.5582195490162074
15592736,0.6854143697654542
15744273,-1.8612600979578018
15762198,-1.9964142588905833
15784209,-1.0172137930454546
15697702,-2.459905577323843
15715527,-0.08736753926361818
15667046,-1.009716224235133
15698786,-0.7137859367880227
15787204,-0.18639140391694542
15760988,-1.6928423766297351
15720941,-2.394486810203645
15680370,-2.5339974221772006
15568982,-3.1899071434293678
15587240,-2.4122293793756127
15587835,-1.513807211260542
15662085,-1.6197172454065436
15612358,-2.3633773491036383
15633574,-0.4298614277101158
15638610,1.5987207092906661
15584091,-1.044178630778585
15651955,-2.974967444081415
15778915,-2.7921708090802593
15592123,-3.2411709290714206
15806929,-1.1695611639361383
15578006,-0.008583596589202047
15752601,-1.4024070218454927
15787710,-1.5204640970010626
15626882,-1.762957911106629
15703588,-2.1304075027421705
15804201,-0.546620118776173
15775803,-2.4830628217032418
15625964,-0.15175440903950999
15733261,-0.6634270938644818
15790235,-2.8863460737808357
15708003,-0.8225190127679815
15773972,-0.24697580744815428
15728706,0.16004169993710482
15778515,-0.7392256315568123
15749669,-2.6293865652211683
15792934,-2.58728559638919
15567246,-2.458899560470944
15701074,-1.2169392959746026
15681274,-0.3376020833523823
15629519,-2.2300282214438054
15694321,-2.093343058815852
15777211,-0.19382234123515962
15672216,-0.30606809794897183
15669611,0.13220217299039128
15714939,-0.6365040659910134
15665963,-2.0679463915875367
15645569,-3.232565479447711
15775546,-2.0157264131473562
15639665,-1.4962847827366625
15731669,-0.7557531198793986
15654346,-2.2631966411878146
15588986,-1.119978864752519
15594305,-1.8957773691549336
15799156,-1.9016510537338096
15727350,-0.5264346171644108
15754168,-0.9560603286589737
15643671,-0.8352479314826754
15656522,-1.3321838418150491
15742285,-0.3775048032818602
15569410,-2.0681153494585223
15769272,-1.0511701637053692
15675337,-0.7069771642975644
15694946,-2.975209903594007
15605036,-1.4909709563350597
15641773,-1.6675693074369005
15668886,-1.5926468793493462
15790829,-1.2566831078485723
15781034,-1.1589302171101155
15752816,-1.2195649507495965
15583580,0.09291834687058298
15684921,-2.541346519425386
15812720,-2.3086424157785377
15756975,-2.565610375549736
15678571,-2.831358864484038
15808473,-0.7210413976951572
15609521,-2.444473321500422
15734491,-2.475970299505539
15580366,-1.2162273451823609
15650068,-0.41417859854217465
15739168,-1.5118211368547358
15659399,-0.7342187522742268
15686964,-0.8051927159409802
15713890,-2.28973178654795
15576676,-2.392953204730069
15731511,-1.8555342022459842
15672016,-2.82146339140952
15746326,-2.270663587842064
15682576,-1.1691461396217502
15738751,-1.0759199924568303
15778157,-2.73164281336269
15675316,-2.1976391197972704
15674110,-0.9277806916423402
15682048,-0.555307533260457
15642002,-1.7618105329804739
15631800,-0.7538036724473056
15652674,-2.4858949548548863
15722479,-2.6471269728298306
15774104,-2.554674302443932
15577683,-2.7595209509900425
15769356,-2.4900564174539688
15621267,-1.0287706679922282
15761950,-0.33162751087098585
15722533,-2.139332358311855
15771728,-0.13630900279916958
15771417,-0.615405250503624
15620750,-2.149656172033871
15631460,-2.1091185895615485
15579223,-0.687208261789839
15597467,-0.6072076127270896
15594902,-1.4655472317165061
15800524,-0.7171186722634452
15774507,-0.47147306120029076
15598892,-2.511503854348818
15727915,-0.839810480877527
15703437,-2.1831187622897916
15794849,-2.3497962194319997
15769246,0.8683379057417902
15659355,-3.2078128285466354
15778463,-0.6474695821596361
15646302,-1.3999613462533076
15573086,-1.4804117020585728
15798749,-0.8398502354364396
15815656,-0.5838087159976563
15621653,-1.94523467739317
15699461,-1.784333439262035
15670866,-3.0689594366315003
15792916,-1.216624276065768
15720676,-1.747185163622691
15746410,-1.8877633529227813
15815660,-1.5210888695065636
15705620,-2.3615002199795887
15698732,0.41220659269081894
15644296,-1.1353405681352986
15783097,-0.9679162567268285
15797204,-2.8889582700142338
15636634,-0.6118815986584406
15630349,-2.7245586377552944
15666916,-1.8365820125316652
15735784,-0.8514055663533352
15793343,-2.8398962460555843
15706729,-1.482372761183639
15773779,-0.798388757351116
15786308,-1.902970445139803
15717191,-2.0864984977483783
15813590,-1.7534980956956918
15664720,-1.2076830195324073
15656062,-0.879019985499326
15758755,-1.573312827008878
15693199,-1.7669179201232326
15657637,-0.5430422210748388
15753213,-1.827545606455187
15738936,-2.6164872301581816
15784918,-2.0581427930710374
15697042,-1.2334448088377465
15607301,-0.05098988991801012
15670343,-2.8897042604258765
15709295,-3.210661178181428
15645835,-3.1232040740419995
15752047,-1.627712151445091
15718406,-1.7062680423354413
15751297,-2.127193742241911
15777772,-0.8732681250295121
15677908,-1.5717106170976358
15683930,-1.4229422365153923
15733387,-0.5748253305339236
15776558,-1.9090390329936806
15724889,-1.569377760454788
15757628,-1.6458408410886287
15748552,-0.06605771889496381
15750778,-0.06533978119203177
15776824,-2.2988872239494413
15714397,-2.1312095479801862
15590213,-1.7455155067725245
15727919,-2.0425406947228826
15808386,0.5089176669688285
15591980,-3.189387938645781
15566211,0.3781872362884857
15668504,-1.8068683489768096
15736302,-2.1815439856436103
15703292,-3.5259897586065083
15573284,-1.036876161092416
15701439,0.25910845362188195
15751531,-2.595829106622661
15788723,-1.2660326027994104
15688689,-1.937977895977117
15773242,-2.9420201452870636
15713354,-0.736036494865135
15800083,-1.2194190504958315
15800116,-1.4576485823003147
15802570,-2.0704889516941147
15611024,-2.0757034276799127
15651823,0.629666803358883
15730137,-1.1036590796341403
15647898,0.1132823294895342
15612769,-2.263694719953608
15789371,-1.5720029676348988
15797964,-1.070846800601851
15583764,-0.5239878670125985
15731751,-1.6631046832780092
15700300,-0.18832828248705602
15581286,-1.3640770655686805
15808905,-1.8397386857647204
15748673,-1.732461762387525
15591698,0.5233765982635326
15625151,0.21923064246573176
15813303,-0.06583672787231665
15607312,-1.8655011788524103
15757777,-2.459999190742804
15755223,-0.5663684077896292
15684147,-1.4437168338083168
15782735,-0.45500509570277625
15814553,-2.6520416024960785
15788068,-0.04489057190787826
15801821,-1.8258588415521717
15666173,-0.9447134435350688
15748432,-2.723266974143993
15645045,-2.448329282662924
15781129,-2.948148825065726
15779052,-2.4720443489830073
15746805,-2.3130892355253048
15769974,-0.7135091771335906
15658459,-2.42877985578921
15567725,-2.1229551429546603
15697597,-2.1422826684379186
15699005,-1.143738349460007
15626040,-1.2682421982736793
15781534,0.1454412204228479
15703205,-2.0504983144276703
15567339,0.1854750335612827
15644896,-1.276931975942296
15655274,-2.6736060711244374
15752984,-0.9025470825532582
15795298,-1.8956572503900984
15638003,-0.5772567202777169
15771742,-1.4519014868802977
15612092,-0.6385748807042325
15734711,-0.48564023250646615
15671209,-0.3245217601641659
15735339,-0.7530967509102199
15603065,-2.1337576650850156
15742607,-1.271683358719194
15799600,-0.263337073408195
15701081,-1.5991174227231033
15734246,-3.4128065126119136
15627365,-2.2269492255480685
15617320,-0.10863848930438058
15770185,-1.4531794621133263
15791053,-0.6496058242295457
15779743,-1.3277577530441889
15768120,-1.6251791103493662
15617648,-2.120809155179895
15690209,-1.3553052438029776
15739972,0.42147604825875495
15582259,-2.419544360596273
15778838,-1.0999824515299153
15641582,-2.0372989205562293
15718039,-1.077630244484606
15718245,-2.904156639550367
15689633,-0.6086447187543774
15742210,-1.810933336676124
15583552,0.101622489666785
15690733,-1.4653776881740723
15769110,-1.185018092359469
15644699,-1.523065861673372
15618182,-1.4584665240497596
15610433,-2.1963097766174204
15708228,-0.5389950591969168
15656921,-2.347566941493701
15632439,-2.221792041003712
15750731,0.27449820489496757
15602934,-1.900463449664604
15807107,-1.1911670015502687
15661656,-2.77968751962415
15596455,0.17098133949068606
15618695,-2.00531516146137
15813163,-0.6926171601810773
15750121,-0.7760771551627473
15703106,-2.576580061919898
15726403,-0.015455711962751195
15698522,-1.4371227963388535
15744127,-1.6053491611238866
15767339,-0.9686934995618233
15594878,-0.41946665448677156
15713983,-1.6915066923211817
15705034,-2.55432793616232
15660636,-1.514689509043416
15766166,-1.342768551172932
15656188,-2.741693255552959
15759290,-2.547920225430658
15611786,0.4818423370739533
15812338,-0.8242061752423323
15770174,-1.5226690531547196
15659568,-1.7851585305044342
15765694,0.16480464108418857
15620570,-0.7047981112958144
15773260,-0.7504583433611812
15676117,-0.5478510528903207
15812356,-1.6406577084493854
15623063,-0.47233554585517135
15696361,-1.3181350299760912
15624347,-2.5958863538590986
15631868,-1.7942507052867462
15696231,-2.2083056751201893
15690647,-0.1718448659725631
15610454,-1.0160278155210973
15653306,-0.0017734263504196601
15801336,-0.7469649738021517
15636589,-2.330484624332018
15694852,-3.2835997656998552
15715622,-0.10791904557917142
15596493,-1.928554073468678
15723488,-0.46148564844642515
15640580,-0.034871189714676065
15804295,-2.5441344157100545
15576706,-1.032774948834724
15806964,-1.248271517196245
15725737,-2.1817836280572895
15692406,-2.6517109214960346
15643426,-0.5831695528954675
15605067,-3.002473267018823
15705506,-1.9853399344272977
15698953,-1.5865862361554341
15630551,-1.9395748743278953
15592999,-1.135726398434766
15621244,-1.7122098301281565
15679249,1.35741482817088
15811290,-1.7563227203900689
15708904,-0.606706123486873
15653315,-1.6269864550324373
15698271,-2.1477679249440045
15807003,-1.4297947380797087
15589017,0.7406926467718826
15588341,-1.2183139962662992
15684395,-0.929726868947304
15587174,-3.3077061663039435
15810839,-0.923351015313562
15694829,-1.2904839712406109
15771442,-1.465261691316374
15758039,-2.3090434150815575
15769902,-2.6698154216581824
15567893,-1.5865509824532802
15587735,-1.776805071491094
15789425,-1.172039725175988
15744614,-1.7753239743427185
15624755,0.25412554529487674
15683560,-1.5270519169536754
15606267,-1.2832279898993828
15679760,-1.5271524137071262
15791944,-1.335209967656975
15780212,-0.8306048837695869
15742834,-1.1117612690887868
15813911,-0.48924250717312234
15718454,-1.1642586101843726
15604813,-2.4687140519783686
15786014,-2.5836448481825833
15637240,-1.5865417748945687
15714431,-2.671703186802577
15575498,-1.711349694083621
15686236,0.7684859731732823
15729557,-0.46085922278313407
15656937,-1.401269338823747
15757829,-1.0052974260666585
15581526,-1.5912225752184241
15578374,-1.0839793810567553
15597909,-0.5547667400181724
15647453,-0.6615011814559864
15586848,-1.922243953838046
15569274,0.40858599165461795
15773503,-2.230470615859856
15592645,-1.955650588719078
15670481,-3.082100882026067
15606133,-2.4373790701565405
15787161,0.24958330796771144
15569247,-0.17015810890648408
15722322,-0.025688352711852325
15655192,-3.053124242855569
15706647,-2.047783219805863
15605059,1.1851552056860377
15655952,-2.1219385005822806
15775339,-1.0595011313798568
15737509,-1.2472185032649552
15628274,-1.606320026569178
15773146,-3.353483695282785
15667602,-2.241868349783433
15755241,-0.3096944294370829
15582960,-1.383725246456623
15612615,-1.666037335451389
15581626,-0.7704876225890128
15784042,-0.8050299460807672
15756932,-2.5417946070468744
15715920,-2.6853987010154587
15684461,-0.7333550942347287
15793197,-0.776544675483636
15631871,0.37443617104259275
15624343,0.12438693353822305
15682600,-0.26654202676496075
15662063,-1.8891967888637913
15578865,0.01648030184616145
15753102,-0.688541928073661
15701109,-1.2918611661352117
15754526,-1.1687218493068432
15774727,-1.1395876384497023
15574554,-0.6440647151359737
15775433,-0.29989569756703527
15632609,-0.5788197423971313
15658240,-1.3381384420794968
15748360,-2.1006208864474916
15693947,-2.7344770617124183
15604020,-0.7027189621258487
15750839,-2.104159129344988
15787155,-1.8637392087831697
15692110,-0.8111509069221295
15792565,-2.032455996634231
15658768,0.3675273009184463
15735080,0.3413537419469437
15786170,-1.1963078804831149
15720774,-0.7786848123586538
15752502,-1.3868845788388235
15723786,-1.7961235191608573
15575146,-1.437048392758492
15764195,-1.5418875178676208
15624623,-2.1945986208174304
15647838,0.8783696007798809
15668695,-1.277516007114807
15717010,-0.07254565242845823
15622321,-1.3973697148845952
15603880,-0.8418421439885398
15577831,0.07450555681132953
15773098,-2.212045619782445
15673367,-0.5094346934675923
15785865,-1.9092677020219877
15745399,0.21158665999244963
15660271,-1.7258035626731534
15803947,-0.2990831174038955
15807294,-2.853790997327523
15579787,-1.9171677915526522
15578747,-2.279916321170531
15701037,-1.8221244404828554
15765902,-2.190111187413631
15796231,-2.3475160649623996
15608246,-0.8517004283900051
15677141,-2.0867709863969948
15715673,-0.10920784707906273
15775797,-1.4553543666311803
15704014,-1.5457196735087022
15626679,-2.8268420031521124
15621815,-0.5870576456425134
15735428,-1.4706413422034539
15750243,-2.6119915522870576
15697497,-2.119894486751309
15736399,-1.8355263311850705
15635972,-2.0431158444157007
15638513,-1.6211364382760944
15662291,0.35374745438000277
15763662,-1.8518289373992347
15622527,-0.27268269967273695
15623502,-0.306136890453351
15666430,-1.9057945939544552
15602280,-1.413067627204577
15622993,-2.0438623734236065
15766765,-0.23589802801776405
15582892,-1.177665027709477
15738248,-1.6618989656587422
15793046,-1.456426037862837
15636444,-0.9162252194067121
15727198,-1.4407056481898657
15780124,0.14396281447757375
15714466,-0.4136092911715489
15764033,0.45350771185726546
15598493,-2.036104025867102
15609735,-0.564828626403528
15768293,-1.9784125977799678
15737173,-2.605806943840552
15568449,-1.7566128395565197
15715769,-2.1695899516370734
15776545,-2.26628677895339
15799652,-1.6010091663963912
15680843,-3.0160367517354834
15644765,-1.5442542428532944
15640407,-1.7711644806067754
15768763,-1.4152004098994826
15737778,-0.3355864401403248
15649033,-0.13038089015464305
15793825,-1.847231227439542
15746674,-0.06050477448916691
15618258,-0.9929806881316061
15637138,-2.127430422985964
15725511,-1.4965989243259208
15572361,-0.09562767472308198
15651103,0.2125885842600408
15612505,-0.6217072802771039
15784180,-1.4316956935866367
15635870,0.17290922815705523
15784286,-1.5810125297465918
15576094,-0.806233352752449
15798615,-0.29734316860023013
15671124,-2.399335330871814
15670738,-1.0291160824249797
15772216,0.36677869341020175
15668385,-1.4890410633609341
15684696,-1.1142064811522794
15704795,-0.20673851837721902
15805769,-2.2291600393719286
15723481,-2.5368210989273168
15624975,-2.077302512698164
15762882,-0.9360211251468828
15616530,-0.9738403918618516
15691952,-1.863213770286308
15813946,0.5425248507641602
15569249,-0.2887767931577889
15636700,-1.6522453601380334
15664001,0.9361321880108393
15658364,-0.533926425978359
15724282,-1.742387309703569
15743673,-2.167209400315542
15710404,-1.9044146176336174
15610165,-2.9727162267984957
15652218,-1.209842123068127
15746569,-0.7609114216584673
15625080,0.3071930837032022
15652069,-2.426387518348341
15666823,-1.7575349780468839
15806967,0.13779467058269734
15748381,-2.974258624360676
15736069,-0.1272845395280684
15642710,-2.7068972992174025
15673529,-2.1952333429191127
15754578,-1.7471983468244057
15698324,-1.4958675486906814
15783026,-0.25652091337826444
15716164,-0.26702086171728423
15625247,-0.567029669751639
15736963,-2.3521275938474377
15751137,-0.048292541140444456
15726494,-0.6107011275013421
15727281,-2.2920018055571525
15611318,-1.158810508913526
15729040,-1.5818154978448165
15594827,-2.891978545520349
15700657,0.31051996792007186
15801863,-2.6633790749745936
15729582,0.4192132967255662
15607133,-1.839172275030183
15732660,-1.8037475449949802
15720671,-2.725854748307901
15746076,-1.2156677420455737
15747168,0.044893714926955264
15695792,-0.018145357300751952
15750258,-0.8445127323484445
15741275,-1.4881995436862498
15762993,-3.1649977638625604
15565714,-2.1557279272954455
15649487,-0.9633669970114895
15687162,-0.1233057294723987
15583548,-0.03523044528000363
15657342,-0.8900169615401045
15711540,-1.6497563674192353
15571550,-0.882691690796891
15766734,-1.0673020753131723
15811742,-1.7633466952553518
15733883,-2.443715732522623
15654531,-2.7587570432330875
15694272,-2.0561767758037925
15657105,-0.8916880734658135
15790678,-0.8571666873666327
15691624,-2.4196892449132537
15741554,-2.05299786852963
15623143,-1.4616505841714107
15749068,-0.540167036582316
15609758,-0.1666417761569039
15738889,-1.4492143293316415
15622117,-2.029681080034069
15580134,-2.131265401713948
15729599,-2.00031839290264
15723671,-1.2002055316544311
15612494,-0.09038948045376949
15752507,0.7964054205023341
15592570,-2.562603976024036
15572265,-0.8961019896846898
15730657,-0.986760029555501
15696277,-1.9066713610379007
15731829,-2.295442343463555
15805955,-0.8921821187111211
15651664,0.7743418456336817
15580560,0.6991983204337389
15683363,-1.2643925021411349
15781234,-0.6375297248278526
15672467,-1.7463870639811963
15603554,-0.010099091827431295
15788686,-2.6341000277294118
15813034,-1.6802001469014316
15692416,0.2980882812457444
15746190,-2.7207734839735753
15787772,-0.45016376848147677
15649086,-2.5246166203044895
15768465,-2.3599433172574598
15566735,-1.767654872890883
15617252,-0.7709023237704559
15649457,-1.8129388913768416
15794874,-1.5348353754486308
15588566,-3.211275207386067
15666652,-3.4170285521211214
15745527,-2.165707159863288
15614361,-1.558027071630229
15709117,-0.9592684005011616
15586264,-0.5712782018790161
15715031,-2.8013243118263667
15625824,-1.3727111150226834
15677123,-2.909248132766071
15690153,-2.4000610657803474
15749951,-0.8996549167304575
15748995,-3.1895773175067785
15793726,0.05413229175661627
15801559,-0.5669036756353301
15691950,-1.3142484962785272
15655774,-2.585131739947368
15654408,-1.8920744225146613
15631912,-1.5581417563215532
15615322,-2.5492942070623945
15573851,-0.31174611833369803
15751524,-0.11932047357400921
15797733,-1.773529859834714
15643048,-1.013384929815477
15585215,-1.9395300013071082
15610056,-1.9147939099088047
15593178,-1.4983789302112906
15794560,-0.48011940958063015
15661532,-1.9351835390096501
15698462,-2.744101930440004
15727819,-1.6710439921314095
15797293,-2.2714571688577614
15749528,-1.5657165248769294
15694395,-2.0072868592308
15730287,-0.8521166071981406
15783752,-1.5245639206829933
15699284,-0.3724519755322291
15677586,-2.029930804502438
15656454,-1.0279277348721763
15674442,-1.7088351844203138
15772250,-0.49909092217032724
15785326,-1.8938353599258901
15611105,-2.9207948627828015
15615457,-1.4520594293355553
15627630,-1.3295273132826415
15777076,-2.144275622186997
15810203,-0.6461430278921725
15799966,1.194499745058048
15570895,-0.8191011679432045
15630617,-1.173824574547615
15607526,0.5041219959246501
15598940,-2.208400749327083
15739068,-2.8336308251044837
15597957,-1.0225135283890863
15620832,-2.3634251905082246
15686780,-0.22761429695683466
15622774,-1.666441788429815
15720155,-1.4110901339356394
15611329,-2.5134704945941677
15667632,-2.1244653000112645
15661734,-1.2386907898800894
15809320,0.294309969202208
15812324,-3.3019903174551306
15633877,-1.2087295491226187
15601594,0.0897673873736522
15615245,-2.7353671695511546
15607691,-1.8733341887404429
15731989,-2.209066792738507
15680597,-0.9818997196872714
15674840,-2.396801645881493
15651943,-0.6743077266075699
15718242,0.7492827319167505
15618401,-2.0871654444847954
15572398,-2.2979526939096377
15677249,-1.5999966473198353
15795275,-0.9471476478627081
15602282,-0.27589048977108943
15589869,-2.11554292274515
15815236,-2.0626582013666273
15703399,-3.088914474829936
15714006,-1.2249962187565684
15676526,-1.4827256778696825
15745295,-0.7578847148103806
15661526,-1.509691931183731
15616172,-2.4162594115997855
15586996,-0.2674014198684691
15806983,-0.5696152964406661
15736146,-1.5015651502856302
15614230,-2.406789433024046
15593499,-0.012999431634463265
15666096,-2.0581904397967463
15708791,-1.2060609663444362
15616859,0.4891444380217851
15772573,-0.6528330904296155
15807335,0.08689101742556748
15645269,-1.3427553277317288
15689952,-1.3507602103448266
15655339,-0.9165058424059734
15579130,0.4798834927325559
15674637,0.5355857573194245
15700693,-1.0768817882970634
15768342,-1.053192494805602
15588587,-1.4031210850522298
15756475,-2.570598701112945
15707242,-1.6803377455853044
15795458,-1.1262536081203263
15713644,-2.8568339330390984
15704819,-1.6490915583960302
15789753,-1.4124268191084755
15745533,-0.3912564788888335
15647203,-0.6107134968954008
15608328,-1.4337852732007819
15761374,-0.937830747598362
15732437,-1.263441702568745
15743245,-0.6711483030611277
15640268,0.23609539989533013
15604804,-1.5550049192910955
15691111,-0.9004059174468861
15785831,-1.871710462373224
15613713,-2.135914300390906
15725762,-1.7590676158777518
15804211,-1.785194405719977
15608886,-1.713899662575386
15776947,-0.618170155012291
15594515,-1.1861347422023014
15694366,-0.6655668779758853
15604304,-0.7528233536945854
15802009,-2.719333424260566
15673481,-0.10209058314041197
15702464,-1.6387609759007409
15626983,-1.8241955474030802
15787884,-2.8726920422623037
15677173,-1.033184890946635
15778861,-1.177740195350698
15595039,0.07073846968073383
15746902,-2.1527275746018177
15736008,-0.22091696100206093
15784923,-0.6810039114360593
15736154,-1.9404653811400814
15657321,-2.099365033257625
15787168,-2.0277004643494894
15805104,-0.44634420808885045
15667321,-2.236709346305102
15661629,-1.1594938661765428
15764419,-3.371038255620184
15672970,-3.592574592476577
15785576,1.5782123813154982
15692137,-0.7598392216667725
15635703,-0.5209158967321034
15770375,-0.7118502342707781
15756824,-0.3809954284414423
15776985,-2.5155735322612536
15575445,-0.7913610083144598
15752294,-1.3735418895505809
15647570,0.1827598769685257
15736495,-1.2611745415442037
15732268,-1.452832500844274
15684769,-0.08573067229007947
15771543,-1.2196449892624868
15747000,-3.2600583492266626
15669987,-1.318444957077991
15569451,-1.678494606024004
15646756,-1.6869945557575012
15693737,-1.4311252746105785
15653753,-0.6317777279934056
15750684,-0.2594652729541411
15709016,0.7819961726535432
15685300,-2.255745745257907
15598751,-0.04056246986325451
15747878,-0.4191940087605721
15743411,0.5248342712078267
15739857,-2.288783966398148
15705458,-2.66421221507093
15717185,-3.3786543934114186
15788775,-1.2670303498315072
15702656,-0.7529734969787457
15605737,-2.020052282706808
15640409,-0.08918311264418399
15782608,-1.6637187491108802
15573628,0.7291605193630997
15688085,-1.7168717046811164
15762123,-1.7738100368484926
15610343,-2.5682619604044175
15798053,-2.420791487863014
15639314,-2.8691252788090837
15654296,-1.6085394395855368
15718852,-0.8979700059738847
15623560,-1.5240647383049974
15605072,-0.9960857046142177
15649668,-2.000697880797516
15793901,-2.0283390787049465
15750569,-0.5749748158692742
15648876,-0.5853434419803298
15710928,-0.47968654417457046
15627162,-0.8900416618676705
15809830,-2.04156675473109
15608230,-2.7140928597006564
15646161,-2.481553599788433
15754177,-1.1764298322047801
15678168,-2.9882021218112067
15656148,-0.17721635010069892
15733444,-2.1226638055744846
15811036,-1.151375340625194
15609928,-1.9227071076025881
15673984,-0.5966037408484184
15787189,0.8788372526845316
15799494,-1.8011391654756292
15680611,-0.10232536176955342
15584812,-1.3744236414792332
15782364,-0.3023490097870438
15576162,-2.0555458698688907
15587311,-2.889074774557073
15574213,-0.52082947409943
15588535,-1.5477384583410643
15762392,-2.0638885790124015
15789874,-2.103374303908592
15786993,-1.6415430607273689
15781451,-1.6545410737299275
15653455,-2.208230395166672
15658668,-1.363476696397674
15779064,-3.2882126557541635
15787222,-2.6265482972727066
15794493,-3.1052987843663384
15813974,-0.19720808108511045
15752193,-1.810189492665813
15711571,-0.6753831943427584
15667944,-1.4412180603582907
15679410,0.6913211650288764
15761158,-1.5767431473628268
15800068,-2.028954390978072
15805151,-2.4387312707871525
15657535,-2.1370624750933107
15810227,-2.74842413676779
15741092,-1.2738071112379428
15711398,-2.2603183861510727
15671172,-3.451682361434865
15788536,-1.1886121573905712
15609824,-0.5274321468663398
15784676,-1.3746096618303725
15654562,-0.32374231863570135
15634896,-2.1641145354595435
15658935,-1.3245735243427357
15647306,-1.962023268818875
15724663,-1.6117477562288183
15612594,-3.3577300956418337
15712584,-2.6877273896530127
15681220,-2.3937635605659073
15707962,-1.9993826746346297
15590730,-2.3460569451590847
15635256,-2.173626457873561
15768163,0.5110419249706606
15649616,-0.5353209459258004
15647975,-0.7924485744902959
15701524,-2.021093180128421
15747503,-0.5458380564916522
15812607,-0.2376480840534767
15787619,-1.9661442355385168
15651627,-0.8452647381257926
15719352,-2.1343599008791423
15595324,0.3042138401037402
15724154,0.7578414216241611
15786035,-2.0774307944062085
15722701,-1.1988981815994815
15653715,-1.0315163225889885
15721024,-1.261390060873331
15794941,0.38702635995902557
15641175,1.221095509401396
15698839,-1.5925998330913798
15645593,-0.31097211097616695
15682467,-1.3875963100699824
15616666,-0.9597451519041827
15578156,-2.0041867275171503
15615016,-2.8521135084718923
15709387,-0.8412151032736318
15730735,-2.991044737851742
15766064,-2.4061856370404886
15711386,-2.8184686685265357
15629885,-0.9900863750750271
15752953,-1.5924072421482578
15739123,-0.8047965007497047
15686835,1.1173026584104695
15744423,-2.253645864846953
15644962,-2.635915772017244
15653620,-2.9712239302331103
15806945,-1.053353404389389
15730705,-1.1237388426263093
15602043,-0.5689268430980368
15675328,-1.568350283621641
15788022,-1.5877728125424562
15580249,-0.1471929403785479
15736760,-0.1454227062630582
15692258,-1.080250655381052
15723006,-2.5900432067588497
15802741,0.09397045942199522
15750396,-2.928634952277604
15653253,-1.2408338521125468
15710421,-0.7181639245383005
15640491,-2.0020571961150178
15597131,-1.8942147908252476
15792008,-2.932994656648015
15807609,-1.2413913534539938
15672091,-1.2844106021351895
15590683,-1.6379856712124155
15785078,-1.479123887544683
15755521,-1.730116510452583
15728683,-3.1681886885423625
15665784,-1.6236138178982555
15583026,-0.3968498089675625
15662397,-1.1141457779944761
15741197,-1.7820245661055232
15667896,-3.0781174642621076
15638806,-1.231273343389921
15727021,-2.32830039420364
15701096,-0.7523459989149407
15604348,-2.8461585454482785
15633922,-3.223346322734036
15789974,-1.1584785980863426
15569945,-2.3001855729866945
15734365,-2.5460990173929163
15695499,-2.037646811762251
15693817,-2.462032599738687
15690134,-0.25074502323690373
15701537,-0.3691325643004977
15650391,-1.104256767463104
15589401,-1.9613538964506625
15645136,-1.339394089163168
15702499,-1.4322801568075765
15682639,-3.0094547525143653
15765257,-2.0334286602098137
15683157,-2.1933676286389634
15621004,-1.143997003649525
15714981,-1.5064267077843019
15711287,-0.7331497755564901
15782096,-1.3211278542978193
15572174,-3.307226223665837
15802501,-1.7206280431401006
15637829,-2.536841989081706
15631927,-2.036400477924489
15672299,-2.3364271186139844
15599433,-1.1210468927316026
15656717,-1.9739693484931418
15637977,-0.8602582266054656
15670859,-1.807401235910556
15600110,0.39986209783984483
15621834,-1.2643553868500235
15608916,-1.5831895473438873
15815490,0.02318027270864964
15667934,-0.8667430670588313
15795228,-1.7731335995270199
15714087,0.5122122210660469
15784445,-1.0522740684556637
15727317,0.8691472603578607
15693902,-3.6631718743978166
15718153,0.5285567343392235
15813871,-1.4442422834288147
15701238,-1.4186661189809304
15580148,-0.21043660252486052
15791535,-1.3582407751946564
15804075,0.06640918980791666
15738166,-1.2429432916661423
15569917,-2.4867519880723545
15732610,-2.2184073593350058
15585580,-0.05116800442320413
15716431,-3.1000442224872415
15736397,-1.6122078838524174
15645355,-1.199516342297589
15618562,0.36777366654115773
15647890,-1.853146317366113
15754940,-1.2426411317830977
15610419,-1.8769937038408604
15778290,-0.12781528543299014
15621205,-1.8499896192514491
15805261,-3.2068690708285397
15662751,-0.4008178484058802
15624072,-2.953362297171105
15579777,-1.8875679395892808
15756820,-1.9288934240944722
15786800,-0.1894537455474039
15680970,0.38281343808202184
15665802,-2.4859776802110236
15673020,-0.6171287401471813
15607170,-2.9259944953248276
15584620,-0.13549719287634576
15747558,-1.750868664505854
15805681,-1.5323057128777062
15631170,-2.346611174537706
15750658,-0.9242249259123794
15744770,-1.485154652089592
15677217,-1.9359678216242036
15770984,-2.3468146577936873
15684319,-0.1125399410950314
15702030,-0.9044664746358331
15778589,-3.107980572540094
15663917,-1.1806463764906283
15619953,-0.39088827313196206
15728709,-1.1465576388699943
15813844,-2.911803087217708
15792228,0.30156381386757114
15810864,0.16301916159025676
15615456,-0.7539974086031643
15614034,-0.8381881673165634
15732299,-0.045078399096933675
15800793,0.31313582697662734
15797919,-2.1536836598122138
15690731,-1.5916885122448607
15636423,-1.5381176856932122
15643496,-1.996073505109845
15732963,-2.970308328887868
15760849,-2.5406737312540213
15803941,-0.5023187891205962
15663164,-0.45974249289813496
15609899,-0.7870437004390095
15608541,-0.33303487081066874
15683339,-0.8244652269028899
15650454,-1.6969896418963222
15680421,-1.3575319307327296
15713160,-2.857511436054023
15569571,-0.5863674248097491
15592389,-2.247393580544173
15611551,-2.1576421530446104
15723654,-1.6552471991436513
15576196,-1.1358210385451635
15794297,-2.0813624514759805
15713267,-2.5521768592138563
15796167,-1.6907983487741
15760774,-3.225292391282455
15808017,-2.7180559895580387
15765173,1.062859224197913
15699340,-2.035131237927716
15624388,0.017996685881856322
15741094,-3.6023608031321253
15639946,0.13385631208311288
15688074,-1.3683924549292514
15787470,-0.25000092732604107
15595657,-0.7680681673009768
15649853,-0.7502053762401031
15768270,-2.0300664337079772
15648489,-0.7772175371939996
15814268,-0.33515705964945774
15646091,-1.3842390360526422
15646276,-0.9228925229712703
15718071,-1.5309215233082027
15603743,-1.9720748901778036
15723721,-1.2813277599162496
15589949,-1.1292776565750178
15751926,-2.008266029836392
15799422,-1.0988427665988616
15722212,-1.4502180705927532
15797710,-1.3434754632369814
15768449,-2.560863380060425
15753110,-0.6997473522851821
15636736,-1.464008243095922
15673223,-1.6425009778759783
15728006,-0.6830988787675139
15727361,-1.5165789336700943
15675501,-0.5517057614772453
15728167,-0.47607880445244866
15682834,-2.6489524550935166
15763704,-0.6197568705541692
15679622,-1.780588019124949
15807923,0.021304980486595015
15805413,-2.195617544788939
15767757,-1.8580059292183408
15632882,-2.15914078296577
15621140,-2.8701891693790476
15814846,-0.03125750010467465
15665374,-1.8693865243366803
15660528,-2.557567301637252
15806455,-3.33867870495816
15607877,-3.3128925731349295
15630857,-2.3553976839318898
15634632,-1.9765095372225256
15773273,-1.7324500630261226
15630920,-2.2025188863290723
15764444,-1.1660852481864838
15611544,-1.5788685353777927
15661827,-1.9963878962905528
15760641,-1.4515490769499138
15748595,-2.9034255820976473
15659325,-2.702623035890296
15603550,-1.0939931419013718
15801488,-3.4287303388105475
15688951,-1.9336943841674135
15599090,-0.8878132038045997
15765014,-1.7023851724887813
15794187,-2.257629040042656
15617331,-0.5254749527710306
15665158,-2.196495351669033
15593622,-2.57618549251578
15612893,-0.3592845809653584
15595391,-2.2189091350943797
15626147,0.7947885583647418
15700826,-0.7562456485056196
15675896,-0.4755875665021201
15594556,-2.019455185851408
15794414,-1.20686183515048
15592194,-2.1433048188587227
15664555,-1.26014472978012
15603170,-1.3429515172189215
15650591,-0.5546817918464543
15567923,-0.8509442381514734
15642394,-2.81035054752237
15636023,-1.174754528494355
15807432,-1.6701534380777576
15758023,0.39905229711613965
15731327,-2.587035237471903
15631451,-2.899960836003294
15585455,-2.5063399471566656
15743067,-0.8349674291177173
15649112,-2.6746919921506356
15770424,-1.288686946723233
15583692,-1.1066455493198923
15666633,-1.7486927452348808
15638424,-1.8587139184615
15707681,-2.058301094261603
15784526,-1.2403764249421367
15718106,-2.0902410707417585
15770974,-1.1113905312677028
15807221,-2.655771205447203
15676645,-2.2760056419076733
15645103,-1.041361382896577
15813697,-1.3120900283333132
15650488,-0.7126991581220732
15588918,-1.4123688646669446
15766066,-0.23969891970255164
15615140,-1.8943747423461528
15566660,-0.40783541598460615
15617518,-1.1598119498700858
15580805,-2.692848996450035
15594864,-1.4800054561097367
15594450,-0.45641747110044595
15631072,-2.700275074603776
15703264,-0.7588272148201901
15776936,-1.4183381381055689
15764072,-1.6864366208616026
15603665,-1.6214551223143752
15738018,-1.7303498211781307
15782210,-0.32874001418616916
15730353,-1.9177537000175862
15645717,-1.4289186778351146
15586970,-0.3471644147793209
15734886,-1.9192848242242628
15664895,-2.9254471910654374
15693326,-1.4467564132565138
15608873,0.03295752073517466
15611409,-1.9436549348234997
15642912,-1.3122708185826875
15654000,-0.6360783617223196
15764922,-1.8387479032014493
15708196,-0.5844720089065685
15731865,-2.480378074554501
15743478,-2.1777967080814826
15810898,-0.9653272603272934
15677382,0.4654974975706878
15748231,-1.5663564471069105
15648032,-2.5728445110890927
15614934,0.0964645633601402
15685314,-2.961861715531754
15722010,-0.2111413978075114
15736254,-1.3743656575922427
15709487,-1.5441674712990674
15634218,-1.89017968506657
15683544,-0.22093297182911842
15623927,-1.8580018884945515
15714634,-2.8296227514213537
15691817,0.023400672577978954
15647091,-1.118958192076621
15764237,-2.247186030357799
15713479,-2.1812234701352344
15689786,0.8004319616986144
15595047,-1.8246005904536593
15604588,-2.3245539398706896
15719426,-1.2759045867958585
15708917,-0.26325978293325747
15566292,-2.6134758102911384
15670562,-1.9841739362193653
15736327,-1.2212087429346474
15624510,-0.24506973319453973
15768340,-1.5963491250722537
15767864,-2.1479029321829732
15592116,-1.5735618202676835
15596808,-1.2217180291233656
15662758,-0.6555833730421436
15663438,-0.9524823753176963
15761348,-1.4610726504126244
15697045,-2.5557545351116597
15748068,-2.6350627532971096
15658067,0.7282226374686
15796218,-2.650970970503973
15619238,-2.474436768530758
15600739,-1.6066928808306247
15800688,-1.241477269771038
15579781,-0.8141959265980084
15784097,-1.8812070514445351
15596228,-2.359709740297095
15666675,-1.3851597596469756
15775912,-2.2125253662882836
15698872,-1.3670472998771959
15616122,-2.829758114731338
15790630,0.22074521121290758
15800061,-0.052684054856549034
15623972,-1.3280353525743598
15806808,0.9817868066031126
15691513,-0.44713927217753413
15622478,-0.5333829781861752
15656901,-1.6328546813102427
15808868,-0.7998521111806756
15566251,-0.6060942884092588
15791700,-0.515119377428302
15568032,-0.5931307441718074
15701602,0.67610163557757
15684440,-1.2055930816769262
15720071,0.35226673592954905
15671293,-0.7070112900817018
15772341,1.2748790962705698
15654390,-1.2606473600778128
15613102,-1.635813534066864
15649292,0.030113483154562415
15623668,-1.6365491305416398
15570145,-2.411988152513561
15760216,0.010869306696123404
